Workbook

Sheet Page1
A1: SWANSON PLASTICS (INDIA) PVT. LTD. | N1: FQP-QC02-04
A2: Film Inspection Form | N2: Eff. Date: 01/08/2017
N3: Ref:
A4: Product Code: | D4: Prod. Order | I4: Machine | L4: Production Date
A5: Specification: | D5: PO | I5: Quantity | L5: Inspection Date
A6: Testing Equipment Identification Number
A7: Sample No. | D7: Basic Weight (L-16.00 T-18.00 U-20.00) GSM | G7: Thickness (L-0.040 T-0.050 U-0.065) mm | J7: Opacity (L-45.0 T-50.0 U-55.0) % | M7: COF Kinetic (L-0.20 T-0.40 U-0.60)
C38: Average | D38: =AVERAGE(D8:F37) -> #DIV/0! | G38: =AVERAGE(G8:I37) -> #DIV/0! | J38: =AVERAGE(J8:L37) -> #DIV/0! | M38: =AVERAGE(M8:O37) -> #DIV/0!
C39: Minimum | D39: =MIN(D8:F37) -> 0 | G39: =MIN(G8:I37) -> 0 | J39: =MIN(J8:L37) -> 0 | M39: =MIN(M8:O37) -> 0
C40: Maximum | D40: =MAX(D8:F37) -> 0 | G40: =MAX(G8:I37) -> 0 | J40: =MAX(J8:L37) -> 0 | M40: =MAX(M8:O37) -> 0
A41: Inspected by: | D41: (QC Inspector) | J41: Verified by: | O41: (QC HOD)
A43: Distribution: Department Concerned | F43: Reference: | G43: MRMP: 99368714.005 GCAS:99396168.005
A44: Retention Period: 5 years | M44: Page No 1 of 4

Sheet Page2
A1: SWANSON PLASTICS (INDIA) PVT. LTD. | N1: FQP-QC02-04
A2: Film Inspection Form | N2: Eff. Date: 01/08/2017
N3: Ref:
A4: Product Code: | B4: =Page1!B4 -> 0 | E4: Prod. Order | G4: =Page1!F4 -> 0 | I4: Machine | J4: =Page1!J4 -> 0 | L4: Production Date | N4: =Page1!N4 -> 0
A5: Specification: | B5: =Page1!B5 -> 0 | E5: PO | G5: =Page1!F5 -> 0 | I5: Quantity | J5: =Page1!J5 -> 0 | L5: Inspection Date | N5: =Page1!N5 -> 0
A6: Testing Equipment Identification Number
A7: Sample No. | D7: Elongation@ Break(%)MD (L-350 T-450) | H7: Force Tensile Strength@Break(N)MD(L-9.5 T-13.0) | L7: Force Elongation 5% (N) MD (L-2.0 T-3.5 U-5.0)
D8: 1 | E8: 2 | F8: 3 | G8: Avg | H8: 1 | I8: 2 | J8: 3 | K8: Avg | L8: 1 | M8: 2 | N8: 3 | O8: Avg
A9: =Page1!A8 -> 0 | B9: =Page1!B8 -> 0 | C9: =Page1!C8 -> 0 | G9: =AVERAGE(D9:F9) -> #DIV/0! | K9: =AVERAGE(H9:J9) -> #DIV/0! | O9: =AVERAGE(L9:N9) -> #DIV/0!
A10: =Page1!A9 -> 0 | B10: =Page1!B9 -> 0 | C10: =Page1!C9 -> 0 | G10: =AVERAGE(D10:F10) -> #DIV/0! | K10: =AVERAGE(H10:J10) -> #DIV/0! | O10: =AVERAGE(L10:N10) -> #DIV/0!
A11: =Page1!A10 -> 0 | B11: =Page1!B10 -> 0 | C11: =Page1!C10 -> 0 | G11: =AVERAGE(D11:F11) -> #DIV/0! | K11: =AVERAGE(H11:J11) -> #DIV/0! | O11: =AVERAGE(L11:N11) -> #DIV/0!
A12: =Page1!A11 -> 0 | B12: =Page1!B11 -> 0 | C12: =Page1!C11 -> 0 | G12: =AVERAGE(D12:F12) -> #DIV/0! | K12: =AVERAGE(H12:J12) -> #DIV/0! | O12: =AVERAGE(L12:N12) -> #DIV/0!
A13: =Page1!A12 -> 0 | B13: =Page1!B12 -> 0 | C13: =Page1!C12 -> 0 | G13: =AVERAGE(D13:F13) -> #DIV/0! | K13: =AVERAGE(H13:J13) -> #DIV/0! | O13: =AVERAGE(L13:N13) -> #DIV/0!
A14: =Page1!A13 -> 0 | B14: =Page1!B13 -> 0 | C14: =Page1!C13 -> 0 | G14: =AVERAGE(D14:F14) -> #DIV/0! | K14: =AVERAGE(H14:J14) -> #DIV/0! | O14: =AVERAGE(L14:N14) -> #DIV/0!
A15: =Page1!A14 -> 0 | B15: =Page1!B14 -> 0 | C15: =Page1!C14 -> 0 | G15: =AVERAGE(D15:F15) -> #DIV/0! | K15: =AVERAGE(H15:J15) -> #DIV/0! | O15: =AVERAGE(L15:N15) -> #DIV/0!
A16: =Page1!A15 -> 0 | B16: =Page1!B15 -> 0 | C16: =Page1!C15 -> 0 | G16: =AVERAGE(D16:F16) -> #DIV/0! | K16: =AVERAGE(H16:J16) -> #DIV/0! | O16: =AVERAGE(L16:N16) -> #DIV/0!
A17: =Page1!A16 -> 0 | B17: =Page1!B16 -> 0 | C17: =Page1!C16 -> 0 | G17: =AVERAGE(D17:F17) -> #DIV/0! | K17: =AVERAGE(H17:J17) -> #DIV/0! | O17: =AVERAGE(L17:N17) -> #DIV/0!
A18: =Page1!A17 -> 0 | B18: =Page1!B17 -> 0 | C18: =Page1!C17 -> 0 | G18: =AVERAGE(D18:F18) -> #DIV/0! | K18: =AVERAGE(H18:J18) -> #DIV/0! | O18: =AVERAGE(L18:N18) -> #DIV/0!
A19: =Page1!A18 -> 0 | B19: =Page1!B18 -> 0 | C19: =Page1!C18 -> 0 | G19: =AVERAGE(D19:F19) -> #DIV/0! | K19: =AVERAGE(H19:J19) -> #DIV/0! | O19: =AVERAGE(L19:N19) -> #DIV/0!
A20: =Page1!A19 -> 0 | B20: =Page1!B19 -> 0 | C20: =Page1!C19 -> 0 | G20: =AVERAGE(D20:F20) -> #DIV/0! | K20: =AVERAGE(H20:J20) -> #DIV/0! | O20: =AVERAGE(L20:N20) -> #DIV/0!
... A38: =Page1!A37 -> 0 | B38: =Page1!B37 -> 0 | C38: =Page1!C37 -> 0 | G38: =AVERAGE(D38:F38) -> #DIV/0! | K38: =AVERAGE(H38:J38) -> #DIV/0! | O38: =AVERAGE(L38:N38) -> #DIV/0!
C39: Average | D39: =AVERAGE(G9:G38) -> #DIV/0! | H39: =AVERAGE(K9:K38) -> #DIV/0! | L39: =AVERAGE(O9:O38) -> #DIV/0!
C40: Minimum | D40: =MIN(G9:G38) -> #DIV/0! | H40: =MIN(K9:K38) -> #DIV/0! | L40: =MIN(O9:O38) -> #DIV/0!
C41: Maximum | D41: =MAX(G9:G38) -> #DIV/0! | H41: =MAX(K9:K38) -> #DIV/0! | L41: =MAX(O9:O38) -> #DIV/0!
A42: Inspected by: | D42: (QC Inspector) | L42: Verified by: | O42: (QC HOD)
A44: Distribution: Department Concerned | F44: Reference: | G44: MRMP: 99368714.005 GCAS:99396168.005
A45: Retention Period: 5 years | M45: Page No 2 of 4

Sheet Page3
A1: SWANSON PLASTICS (INDIA) PVT. LTD. | N1: FQP-QC02-04
A2: Film Inspection Form | N2: Eff. Date: 01/08/2017
N3: Ref:
A4: Product Code: | B4: =Page1!B4 -> 0 | E4: Prod. Order | G4: =Page1!F4 -> 0 | I4: Machine | J4: =Page1!J4 -> 0 | L4: Production Date | N4: =Page1!N4 -> 0
A5: Specification: | B5: =Page1!B5 -> 0 | E5: PO | G5: =Page1!F5 -> 0 | I5: Quantity | J5: =Page1!J5 -> 0 | L5: Inspection Date | N5: =Page1!N5 -> 0
A6: Testing Equipment Identification Number
A7: Sample No. | D7: Elongation@ Break(%)CD (L-400 T-500) | H7: Force-Tensile Strength@Break (N) CD (L-6.5 T-9.5) | L7: Modulus Web MD Fresh@2% (L-15.0 T-25.0 U-35.0) N/cm
D8: 1 | E8: 2 | F8: 3 | G8: Avg | H8: 1 | I8: 2 | J8: 3 | K8: Avg | L8: 1 | M8: 2 | N8: 3 | O8: Avg
A9: =Page1!A8 -> 0 | B9: =Page1!B8 -> 0 | C9: =Page1!C8 -> 0 | G9: =AVERAGE(D9:F9) -> #DIV/0! | K9: =AVERAGE(H9:J9) -> #DIV/0! | O9: =AVERAGE(L9:N9) -> #DIV/0!
A10: =Page1!A9 -> 0 | B10: =Page1!B9 -> 0 | C10: =Page1!C9 -> 0 | G10: =AVERAGE(D10:F10) -> #DIV/0! | K10: =AVERAGE(H10:J10) -> #DIV/0! | O10: =AVERAGE(L10:N10) -> #DIV/0!
A11: =Page1!A10 -> 0 | B11: =Page1!B10 -> 0 | C11: =Page1!C10 -> 0 | G11: =AVERAGE(D11:F11) -> #DIV/0! | K11: =AVERAGE(H11:J11) -> #DIV/0! | O11: =AVERAGE(L11:N11) -> #DIV/0!
A12: =Page1!A11 -> 0 | B12: =Page1!B11 -> 0 | C12: =Page1!C11 -> 0 | G12: =AVERAGE(D12:F12) -> #DIV/0! | K12: =AVERAGE(H12:J12) -> #DIV/0! | O12: =AVERAGE(L12:N12) -> #DIV/0!
A13: =Page1!A12 -> 0 | B13: =Page1!B12 -> 0 | C13: =Page1!C12 -> 0 | G13: =AVERAGE(D13:F13) -> #DIV/0! | K13: =AVERAGE(H13:J13) -> #DIV/0! | O13: =AVERAGE(L13:N13) -> #DIV/0!
A14: =Page1!A13 -> 0 | B14: =Page1!B13 -> 0 | C14: =Page1!C13 -> 0 | G14: =AVERAGE(D14:F14) -> #DIV/0! | K14: =AVERAGE(H14:J14) -> #DIV/0! | O14: =AVERAGE(L14:N14) -> #DIV/0!
A15: =Page1!A14 -> 0 | B15: =Page1!B14 -> 0 | C15: =Page1!C14 -> 0 | G15: =AVERAGE(D15:F15) -> #DIV/0! | K15: =AVERAGE(H15:J15) -> #DIV/0! | O15: =AVERAGE(L15:N15) -> #DIV/0!
A16: =Page1!A15 -> 0 | B16: =Page1!B15 -> 0 | C16: =Page1!C15 -> 0 | G16: =AVERAGE(D16:F16) -> #DIV/0! | K16: =AVERAGE(H16:J16) -> #DIV/0! | O16: =AVERAGE(L16:N16) -> #DIV/0!
A17: =Page1!A16 -> 0 | B17: =Page1!B16 -> 0 | C17: =Page1!C16 -> 0 | G17: =AVERAGE(D17:F17) -> #DIV/0! | K17: =AVERAGE(H17:J17) -> #DIV/0! | O17: =AVERAGE(L17:N17) -> #DIV/0!
A18: =Page1!A17 -> 0 | B18: =Page1!B17 -> 0 | C18: =Page1!C17 -> 0 | G18: =AVERAGE(D18:F18) -> #DIV/0! | K18: =AVERAGE(H18:J18) -> #DIV/0! | O18: =AVERAGE(L18:N18) -> #DIV/0!
A19: =Page1!A18 -> 0 | B19: =Page1!B18 -> 0 | C19: =Page1!C18 -> 0 | G19: =AVERAGE(D19:F19) -> #DIV/0! | K19: =AVERAGE(H19:J19) -> #DIV/0! | O19: =AVERAGE(L19:N19) -> #DIV/0!
A20: =Page1!A19 -> 0 | B20: =Page1!B19 -> 0 | C20: =Page1!C19 -> 0 | G20: =AVERAGE(D20:F20) -> #DIV/0! | K20: =AVERAGE(H20:J20) -> #DIV/0! | O20: =AVERAGE(L20:N20) -> #DIV/0!
... A38: =Page1!A37 -> 0 | B38: =Page1!B37 -> 0 | C38: =Page1!C37 -> 0 | G38: =AVERAGE(D38:F38) -> #DIV/0! | K38: =AVERAGE(H38:J38) -> #DIV/0! | O38: =AVERAGE(L38:N38) -> #DIV/0!
C39: Average | D39: =AVERAGE(G9:G38) -> #DIV/0! | H39: =AVERAGE(K9:K38) -> #DIV/0! | L39: =AVERAGE(O9:O38) -> #DIV/0!
C40: Minimum | D40: =MIN(G9:G38) -> #DIV/0! | H40: =MIN(K9:K38) -> #DIV/0! | L40: =MIN(O9:O38) -> #DIV/0!
C41: Maximum | D41: =MAX(G9:G38) -> #DIV/0! | H41: =MAX(K9:K38) -> #DIV/0! | L41: =MAX(O9:O38) -> #DIV/0!
A42: Inspected by: | D42: (QC Inspector) | L42: Verified by: | O42: (QC HOD)
A44: Distribution: Department Concerned | F44: Reference: | G44: MRMP: 99368714.005 GCAS:99396168.005
A45: Retention Period: 5 years | M45: Page No 3 of 4

Sheet Page4
A1: SWANSON PLASTICS (INDIA) PVT. LTD. | N1: FQP-QC02-04
A2: Film Inspection Form | N2: Eff. Date: 01/08/2017
N3: Ref:
A4: Product Code: | B4: =Page1!B4 -> 0 | E4: Prod. Order | G4: =Page1!F4 -> 0 | I4: Machine | J4: =Page1!J4 -> 0 | L4: Production Date | N4: =Page1!N4 -> 0
A5: Specification: | B5: =Page1!B5 -> 0 | E5: PO | G5: =Page1!F5 -> 0 | I5: Quantity | J5: =Page1!J5 -> 0 | L5: Inspection Date | N5: =Page1!N5 -> 0
A6: Testing Equipment Identification Number
A7: Sample No. | D7: Color L (Color units-H) (L-90.6 T-94.6 U-98.6) | F7: Color A (Color units-H) (L-(-5.1) T-(-1.1) U-2.9) | H7: Color B (Color units-H) (L-(-3.6) T-0.4 U-4.4) | J7: Color lab-Delta E (Color units-Delta E) ( T-0.00 U-5.00) | L7: Gloss Level (Gloss unit) (T-7.0 U-11.0)
L8: 1 | M8: 2 | N8: 3 | O8: Avg
A9: =Page1!A8 -> 0 | B9: =Page1!B8 -> 0 | C9: =Page1!C8 -> 0 | O9: =AVERAGE(L9:N9) -> #DIV/0!
A10: =Page1!A9 -> 0 | B10: =Page1!B9 -> 0 | C10: =Page1!C9 -> 0 | O10: =AVERAGE(L10:N10) -> #DIV/0!
A11: =Page1!A10 -> 0 | B11: =Page1!B10 -> 0 | C11: =Page1!C10 -> 0 | O11: =AVERAGE(L11:N11) -> #DIV/0!
A12: =Page1!A11 -> 0 | B12: =Page1!B11 -> 0 | C12: =Page1!C11 -> 0 | O12: =AVERAGE(L12:N12) -> #DIV/0!
A13: =Page1!A12 -> 0 | B13: =Page1!B12 -> 0 | C13: =Page1!C12 -> 0 | O13: =AVERAGE(L13:N13) -> #DIV/0!
A14: =Page1!A13 -> 0 | B14: =Page1!B13 -> 0 | C14: =Page1!C13 -> 0 | O14: =AVERAGE(L14:N14) -> #DIV/0!
A15: =Page1!A14 -> 0 | B15: =Page1!B14 -> 0 | C15: =Page1!C14 -> 0 | O15: =AVERAGE(L15:N15) -> #DIV/0!
A16: =Page1!A15 -> 0 | B16: =Page1!B15 -> 0 | C16: =Page1!C15 -> 0 | O16: =AVERAGE(L16:N16) -> #DIV/0!
A17: =Page1!A16 -> 0 | B17: =Page1!B16 -> 0 | C17: =Page1!C16 -> 0 | O17: =AVERAGE(L17:N17) -> #DIV/0!
A18: =Page1!A17 -> 0 | B18: =Page1!B17 -> 0 | C18: =Page1!C17 -> 0 | O18: =AVERAGE(L18:N18) -> #DIV/0!
A19: =Page1!A18 -> 0 | B19: =Page1!B18 -> 0 | C19: =Page1!C18 -> 0 | O19: =AVERAGE(L19:N19) -> #DIV/0!
A20: =Page1!A19 -> 0 | B20: =Page1!B19 -> 0 | C20: =Page1!C19 -> 0 | O20: =AVERAGE(L20:N20) -> #DIV/0!
... A38: =Page1!A37 -> 0 | B38: =Page1!B37 -> 0 | C38: =Page1!C37 -> 0 | O38: =AVERAGE(L38:N38) -> #DIV/0!
C39: Average | D39: =AVERAGE(D9:E38) -> #DIV/0! | F39: =AVERAGE(F9:G38) -> #DIV/0! | H39: =AVERAGE(H9:I38) -> #DIV/0! | J39: =AVERAGE(J9:K38) -> #DIV/0! | L39: =AVERAGE(O9:O38) -> #DIV/0!
C40: Minimum | D40: =MIN(D9:E38) -> 0 | F40: =MIN(F9:G38) -> 0 | H40: =MIN(H9:I38) -> 0 | J40: =MIN(J9:K38) -> 0 | L40: =MIN(O9:O38) -> #DIV/0!
C41: Maximum | D41: =MAX(D9:E38) -> 0 | F41: =MAX(F9:G38) -> 0 | H41: =MAX(H9:I38) -> 0 | J41: =MAX(J9:K38) -> 0 | L41: =MAX(O9:O38) -> #DIV/0!
A42: Inspected by: | D42: (QC Inspector) | L42: Verified by: | O42: (QC HOD)
A44: Distribution: Department Concerned | F44: Reference: | G44: MRMP: 99368714.005 GCAS:99396168.005
A45: Retention Period: 5 years | M45: Page No 4 of 4

Sheet 99396168.005_00_COA
C1: Test Name - (O) - Optional, (RRG#) - Reference Part Report Group #, (MRG#) - Master Part Report Group #: | D1: Appearance ~ Color~~Delta E | E1: Basis Weight~~. | F1: Elongation~~CD ~ Break | G1: Elongation~~MD ~ Break | H1: Force ~ Tensile Strength~~CD ~ Break | I1: Force ~ Tensile Strength~~MD ~ Break | J1: Force ~ Elongation~~MD | K1: Dimension ~ Thickness~~. | L1: Modulus~~Web ~ MD at 2 Percent | M1: Record Review~~Laboratory Review | N1: Assay ~ Organotin~~.
A2: Date | B2: Time | C2: Ref | D2: 99396168.005.10 | E2: 99368714.005.1 | F2: 99368714.005.2 | G2: 99368714.005.3 | H2: 99368714.005.4 | I2: 99368714.005.5 | J2: 99368714.005.6 | K2: 99368714.005.7 | L2: 99368714.005.9 | M2: 99368714.005.33 | N2: 99368714.005.34
B3: =Page1!C8 -> 0 | D3: =Page4!J9 -> 0 | E3: =Page1!D8 -> 0 | F3: =Page3!G9 -> #DIV/0! | G3: =Page2!G9 -> #DIV/0! | H3: =Page3!K9 -> #DIV/0! | I3: =Page2!K9 -> #DIV/0! | J3: =Page2!O9 -> #DIV/0! | K3: =Page1!G8 -> 0 | L3: =Page3!O9 -> #DIV/0! | M3: 0 | N3: 0
B4: =Page1!C9 -> 0 | D4: =Page4!J10 -> 0 | E4: =Page1!D9 -> 0 | F4: =Page3!G10 -> #DIV/0! | G4: =Page2!G10 -> #DIV/0! | H4: =Page3!K10 -> #DIV/0! | I4: =Page2!K10 -> #DIV/0! | J4: =Page2!O10 -> #DIV/0! | K4: =Page1!G9 -> 0 | L4: =Page3!O10 -> #DIV/0! | M4: =M3 -> 0 | N4: =N3 -> 0
B5: =Page1!C10 -> 0 | D5: =Page4!J11 -> 0 | E5: =Page1!D10 -> 0 | F5: =Page3!G11 -> #DIV/0! | G5: =Page2!G11 -> #DIV/0! | H5: =Page3!K11 -> #DIV/0! | I5: =Page2!K11 -> #DIV/0! | J5: =Page2!O11 -> #DIV/0! | K5: =Page1!G10 -> 0 | L5: =Page3!O11 -> #DIV/0! | M5: =M4 -> 0 | N5: =N4 -> 0
B6: =Page1!C11 -> 0 | D6: =Page4!J12 -> 0 | E6: =Page1!D11 -> 0 | F6: =Page3!G12 -> #DIV/0! | G6: =Page2!G12 -> #DIV/0! | H6: =Page3!K12 -> #DIV/0! | I6: =Page2!K12 -> #DIV/0! | J6: =Page2!O12 -> #DIV/0! | K6: =Page1!G11 -> 0 | L6: =Page3!O12 -> #DIV/0! | M6: =M5 -> 0 | N6: =N5 -> 0
B7: =Page1!C12 -> 0 | D7: =Page4!J13 -> 0 | E7: =Page1!D12 -> 0 | F7: =Page3!G13 -> #DIV/0! | G7: =Page2!G13 -> #DIV/0! | H7: =Page3!K13 -> #DIV/0! | I7: =Page2!K13 -> #DIV/0! | J7: =Page2!O13 -> #DIV/0! | K7: =Page1!G12 -> 0 | L7: =Page3!O13 -> #DIV/0! | M7: =M6 -> 0 | N7: =N6 -> 0
B8: =Page1!C13 -> 0 | D8: =Page4!J14 -> 0 | E8: =Page1!D13 -> 0 | F8: =Page3!G14 -> #DIV/0! | G8: =Page2!G14 -> #DIV/0! | H8: =Page3!K14 -> #DIV/0! | I8: =Page2!K14 -> #DIV/0! | J8: =Page2!O14 -> #DIV/0! | K8: =Page1!G13 -> 0 | L8: =Page3!O14 -> #DIV/0! | M8: =M7 -> 0 | N8: =N7 -> 0
B9: =Page1!C14 -> 0 | D9: =Page4!J15 -> 0 | E9: =Page1!D14 -> 0 | F9: =Page3!G15 -> #DIV/0! | G9: =Page2!G15 -> #DIV/0! | H9: =Page3!K15 -> #DIV/0! | I9: =Page2!K15 -> #DIV/0! | J9: =Page2!O15 -> #DIV/0! | K9: =Page1!G14 -> 0 | L9: =Page3!O15 -> #DIV/0! | M9: =M8 -> 0 | N9: =N8 -> 0
B10: =Page1!C15 -> 0 | D10: =Page4!J16 -> 0 | E10: =Page1!D15 -> 0 | F10: =Page3!G16 -> #DIV/0! | G10: =Page2!G16 -> #DIV/0! | H10: =Page3!K16 -> #DIV/0! | I10: =Page2!K16 -> #DIV/0! | J10: =Page2!O16 -> #DIV/0! | K10: =Page1!G15 -> 0 | L10: =Page3!O16 -> #DIV/0! | M10: =M9 -> 0 | N10: =N9 -> 0
B11: =Page1!C16 -> 0 | D11: =Page4!J17 -> 0 | E11: =Page1!D16 -> 0 | F11: =Page3!G17 -> #DIV/0! | G11: =Page2!G17 -> #DIV/0! | H11: =Page3!K17 -> #DIV/0! | I11: =Page2!K17 -> #DIV/0! | J11: =Page2!O17 -> #DIV/0! | K11: =Page1!G16 -> 0 | L11: =Page3!O17 -> #DIV/0! | M11: =M10 -> 0 | N11: =N10 -> 0
B12: =Page1!C17 -> 0 | D12: =Page4!J18 -> 0 | E12: =Page1!D17 -> 0 | F12: =Page3!G18 -> #DIV/0! | G12: =Page2!G18 -> #DIV/0! | H12: =Page3!K18 -> #DIV/0! | I12: =Page2!K18 -> #DIV/0! | J12: =Page2!O18 -> #DIV/0! | K12: =Page1!G17 -> 0 | L12: =Page3!O18 -> #DIV/0! | M12: =M11 -> 0 | N12: =N11 -> 0
B13: =Page1!C18 -> 0 | D13: =Page4!J19 -> 0 | E13: =Page1!D18 -> 0 | F13: =Page3!G19 -> #DIV/0! | G13: =Page2!G19 -> #DIV/0! | H13: =Page3!K19 -> #DIV/0! | I13: =Page2!K19 -> #DIV/0! | J13: =Page2!O19 -> #DIV/0! | K13: =Page1!G18 -> 0 | L13: =Page3!O19 -> #DIV/0! | M13: =M12 -> 0 | N13: =N12 -> 0
B14: =Page1!C19 -> 0 | D14: =Page4!J20 -> 0 | E14: =Page1!D19 -> 0 | F14: =Page3!G20 -> #DIV/0! | G14: =Page2!G20 -> #DIV/0! | H14: =Page3!K20 -> #DIV/0! | I14: =Page2!K20 -> #DIV/0! | J14: =Page2!O20 -> #DIV/0! | K14: =Page1!G19 -> 0 | L14: =Page3!O20 -> #DIV/0! | M14: =M13 -> 0 | N14: =N13 -> 0
B15: =Page1!C20 -> 0 | D15: =Page4!J21 -> 0 | E15: =Page1!D20 -> 0 | F15: =Page3!G21 -> #DIV/0! | G15: =Page2!G21 -> #DIV/0! | H15: =Page3!K21 -> #DIV/0! | I15: =Page2!K21 -> #DIV/0! | J15: =Page2!O21 -> #DIV/0! | K15: =Page1!G20 -> 0 | L15: =Page3!O21 -> #DIV/0! | M15: =M14 -> 0 | N15: =N14 -> 0
... B32: =Page1!C37 -> 0 | D32: =Page4!J38 -> 0 | E32: =Page1!D37 -> 0 | F32: =Page3!G38 -> #DIV/0! | G32: =Page2!G38 -> #DIV/0! | H32: =Page3!K38 -> #DIV/0! | I32: =Page2!K38 -> #DIV/0! | J32: =Page2!O38 -> #DIV/0! | K32: =Page1!G37 -> 0 | L32: =Page3!O38 -> #DIV/0! | M32: =M31 -> 0 | N32: =N31 -> 0

Sheet Cpk
B2: Basis weight:
B3: Option:
B4: Trial No.
B5: M/C#:
B6: Embosser#
B7: Line Speed
B8: Nip Pressure
B9: Roll Winding direction
B10: Date & time of Production:
B11: Date & time of Testing:
B12: Shippable/ Non-shippable:
A14: Sr. No. | B14: Requirement | C14: Test Method | D14: Units | E14: Sub group | F14: Report To | G14: Target | H14: LSL | I14: USL | J14: RC | K14: 1 | L14: 2 | M14: 3 | N14: 4 | O14: 5 | P14: 6 | Q14: 7 | R14: 8 | S14: 9 | T14: 10 | U14: 11 | V14: 12 | W14: 13 | X14: 14 | Y14: 15 | Z14: 16 | AA14: 17 | AB14: 18 | AC14: 19 | AD14: 20 | AE14: 21 | AF14: 22 | AG14: 23 | AH14: 24 | AI14: 25 | AJ14: 26 | AK14: 27 | AL14: 28 | AM14: 29 | AN14: 30 | AO14: Average | AP14: STDEV | AQ14: cpk | AR14: Min | AS14: Max | AT14: Pass/Fail
A15: 1 | B15: Basis weight | C15: As per RMS | D15: GSM | E15: 1 | F15: 0.01 | G15: 18.00 | H15: 16.00 | I15: 20.00 | J15: 1.33 | K15: {=INDEX(Page1!$D$8:$D$37, COLUMN(K15)-10)} -> 0 | L15: {=INDEX(Page1!$D$8:$D$37, COLUMN(L15)-10)} -> 0 | M15: {=INDEX(Page1!$D$8:$D$37, COLUMN(M15)-10)} -> 0 | N15: {=INDEX(Page1!$D$8:$D$37, COLUMN(N15)-10)} -> 0 | O15: {=INDEX(Page1!$D$8:$D$37, COLUMN(O15)-10)} -> 0 | P15: {=INDEX(Page1!$D$8:$D$37, COLUMN(P15)-10)} -> 0 | Q15: {=INDEX(Page1!$D$8:$D$37, COLUMN(Q15)-10)} -> 0 | R15: {=INDEX(Page1!$D$8:$D$37, COLUMN(R15)-10)} -> 0 | ... AN15: {=INDEX(Page1!$D$8:$D$37, COLUMN(AN15)-10)} -> 0 | AO15: =AVERAGE(K15:AN15) -> 0 | AP15: =STDEV(K15:AN15) -> 0 | AQ15: =MIN((AO15-H15)/(3*AP15), (I15-AO15)/(3*AP15)) -> #DIV/0! | AR15: =MIN(K15:AN15) -> 0 | AS15: =MAX(K15:AN15) -> 0 | AT15: =IF(AQ15>=1.33,"Pass","Fail") -> #DIV/0!
A16: 2 | B16: Tensile strength-MD (Load @Break) | C16: As per RMS | D16: N | E16: 3 | F16: 0.1 | G16: 13.0 | H16: 9.5 | J16: 1.33 | K16: {=INDEX(Page2!$K$9:$K$38, COLUMN(K16)-10)} -> #DIV/0! | L16: {=INDEX(Page2!$K$9:$K$38, COLUMN(L16)-10)} -> #DIV/0! | M16: {=INDEX(Page2!$K$9:$K$38, COLUMN(M16)-10)} -> #DIV/0! | N16: {=INDEX(Page2!$K$9:$K$38, COLUMN(N16)-10)} -> #DIV/0! | O16: {=INDEX(Page2!$K$9:$K$38, COLUMN(O16)-10)} -> #DIV/0! | P16: {=INDEX(Page2!$K$9:$K$38, COLUMN(P16)-10)} -> #DIV/0! | Q16: {=INDEX(Page2!$K$9:$K$38, COLUMN(Q16)-10)} -> #DIV/0! | R16: {=INDEX(Page2!$K$9:$K$38, COLUMN(R16)-10)} -> #DIV/0! | ... AN16: {=INDEX(Page2!$K$9:$K$38, COLUMN(AN16)-10)} -> #DIV/0! | AO16: =AVERAGE(K16:AN16) -> #DIV/0! | AP16: =STDEV(K16:AN16) -> #DIV/0! | AQ16: =(AO16-H16)/(3*AP16) -> #DIV/0! | AR16: =MIN(K16:AN16) -> #DIV/0! | AS16: =MAX(K16:AN16) -> #DIV/0! | AT16: =IF(AQ16>=1.33,"Pass","Fail") -> #DIV/0!
A17: 3 | B17: Tensile strength-CD (Load @Break) | C17: As per RMS | D17: N | E17: 3 | F17: 0.1 | G17: 9.5 | H17: 6.5 | J17: 1.33 | K17: {=INDEX(Page3!$K$9:$K$38, COLUMN(K17)-10)} -> #DIV/0! | L17: {=INDEX(Page3!$K$9:$K$38, COLUMN(L17)-10)} -> #DIV/0! | M17: {=INDEX(Page3!$K$9:$K$38, COLUMN(M17)-10)} -> #DIV/0! | N17: {=INDEX(Page3!$K$9:$K$38, COLUMN(N17)-10)} -> #DIV/0! | O17: {=INDEX(Page3!$K$9:$K$38, COLUMN(O17)-10)} -> #DIV/0! | P17: {=INDEX(Page3!$K$9:$K$38, COLUMN(P17)-10)} -> #DIV/0! | Q17: {=INDEX(Page3!$K$9:$K$38, COLUMN(Q17)-10)} -> #DIV/0! | R17: {=INDEX(Page3!$K$9:$K$38, COLUMN(R17)-10)} -> #DIV/0! | ... AN17: {=INDEX(Page3!$K$9:$K$38, COLUMN(AN17)-10)} -> #DIV/0! | AO17: =AVERAGE(K17:AN17) -> #DIV/0! | AP17: =STDEV(K17:AN17) -> #DIV/0! | AQ17: =(AO17-H17)/(3*AP17) -> #DIV/0! | AR17: =MIN(K17:AN17) -> #DIV/0! | AS17: =MAX(K17:AN17) -> #DIV/0! | AT17: =IF(AQ17>=1.33,"Pass","Fail") -> #DIV/0!
A18: 4 | B18: Tensile strength-MD (5% Elongation) | C18: As per RMS | D18: N | E18: 3 | F18: 0.1 | G18: 3.5 | H18: 2.0 | I18: 5.0 | J18: 1.33 | K18: {=INDEX(Page2!$O$9:$O$38, COLUMN(K18)-10)} -> #DIV/0! | L18: {=INDEX(Page2!$O$9:$O$38, COLUMN(L18)-10)} -> #DIV/0! | M18: {=INDEX(Page2!$O$9:$O$38, COLUMN(M18)-10)} -> #DIV/0! | N18: {=INDEX(Page2!$O$9:$O$38, COLUMN(N18)-10)} -> #DIV/0! | O18: {=INDEX(Page2!$O$9:$O$38, COLUMN(O18)-10)} -> #DIV/0! | P18: {=INDEX(Page2!$O$9:$O$38, COLUMN(P18)-10)} -> #DIV/0! | Q18: {=INDEX(Page2!$O$9:$O$38, COLUMN(Q18)-10)} -> #DIV/0! | R18: {=INDEX(Page2!$O$9:$O$38, COLUMN(R18)-10)} -> #DIV/0! | ... AN18: {=INDEX(Page2!$O$9:$O$38, COLUMN(AN18)-10)} -> #DIV/0! | AO18: =AVERAGE(K18:AN18) -> #DIV/0! | AP18: =STDEV(K18:AN18) -> #DIV/0! | AQ18: =MIN((AO18-H18)/(3*AP18), (I18-AO18)/(3*AP18)) -> #DIV/0! | AR18: =MIN(K18:AN18) -> #DIV/0! | AS18: =MAX(K18:AN18) -> #DIV/0! | AT18: =IF(AQ18>=1.33,"Pass","Fail") -> #DIV/0!
A19: 5 | B19: Elongation~MD @ break | C19: As per RMS | D19: % | E19: 3 | F19: 1 | G19: 450 | H19: 350 | J19: 1.33 | K19: {=INDEX(Page2!$G$9:$G$38, COLUMN(K19)-10)} -> #DIV/0! | L19: {=INDEX(Page2!$G$9:$G$38, COLUMN(L19)-10)} -> #DIV/0! | M19: {=INDEX(Page2!$G$9:$G$38, COLUMN(M19)-10)} -> #DIV/0! | N19: {=INDEX(Page2!$G$9:$G$38, COLUMN(N19)-10)} -> #DIV/0! | O19: {=INDEX(Page2!$G$9:$G$38, COLUMN(O19)-10)} -> #DIV/0! | P19: {=INDEX(Page2!$G$9:$G$38, COLUMN(P19)-10)} -> #DIV/0! | Q19: {=INDEX(Page2!$G$9:$G$38, COLUMN(Q19)-10)} -> #DIV/0! | R19: {=INDEX(Page2!$G$9:$G$38, COLUMN(R19)-10)} -> #DIV/0! | ... AN19: {=INDEX(Page2!$G$9:$G$38, COLUMN(AN19)-10)} -> #DIV/0! | AO19: =AVERAGE(K19:AN19) -> #DIV/0! | AP19: =STDEV(K19:AN19) -> #DIV/0! | AQ19: =(AO19-H19)/(3*AP19) -> #DIV/0! | AR19: =MIN(K19:AN19) -> #DIV/0! | AS19: =MAX(K19:AN19) -> #DIV/0! | AT19: =IF(AQ19>=1.33,"Pass","Fail") -> #DIV/0!
A20: 6 | B20: Elongation~CD @ break | C20: As per RMS | D20: % | E20: 3 | F20: 1 | G20: 500 | H20: 400 | J20: 1.33 | K20: {=INDEX(Page3!$G$9:$G$38, COLUMN(K20)-10)} -> #DIV/0! | L20: {=INDEX(Page3!$G$9:$G$38, COLUMN(L20)-10)} -> #DIV/0! | M20: {=INDEX(Page3!$G$9:$G$38, COLUMN(M20)-10)} -> #DIV/0! | N20: {=INDEX(Page3!$G$9:$G$38, COLUMN(N20)-10)} -> #DIV/0! | O20: {=INDEX(Page3!$G$9:$G$38, COLUMN(O20)-10)} -> #DIV/0! | P20: {=INDEX(Page3!$G$9:$G$38, COLUMN(P20)-10)} -> #DIV/0! | Q20: {=INDEX(Page3!$G$9:$G$38, COLUMN(Q20)-10)} -> #DIV/0! | R20: {=INDEX(Page3!$G$9:$G$38, COLUMN(R20)-10)} -> #DIV/0! | ... AN20: {=INDEX(Page3!$G$9:$G$38, COLUMN(AN20)-10)} -> #DIV/0! | AO20: =AVERAGE(K20:AN20) -> #DIV/0! | AP20: =STDEV(K20:AN20) -> #DIV/0! | AQ20: =(AO20-H20)/(3*AP20) -> #DIV/0! | AR20: =MIN(K20:AN20) -> #DIV/0! | AS20: =MAX(K20:AN20) -> #DIV/0! | AT20: =IF(AQ20>=1.33,"Pass","Fail") -> #DIV/0!
A21: 7 | B21: Thickness | C21: As per RMS | D21: mm | E21: 1 | F21: 0.001 | G21: 0.050 | H21: 0.040 | I21: 0.065 | J21: OBS 0 | K21: {=INDEX(Page1!$G$8:$G$37, COLUMN(K21)-10)} -> 0 | L21: {=INDEX(Page1!$G$8:$G$37, COLUMN(L21)-10)} -> 0 | M21: {=INDEX(Page1!$G$8:$G$37, COLUMN(M21)-10)} -> 0 | N21: {=INDEX(Page1!$G$8:$G$37, COLUMN(N21)-10)} -> 0 | O21: {=INDEX(Page1!$G$8:$G$37, COLUMN(O21)-10)} -> 0 | P21: {=INDEX(Page1!$G$8:$G$37, COLUMN(P21)-10)} -> 0 | Q21: {=INDEX(Page1!$G$8:$G$37, COLUMN(Q21)-10)} -> 0 | R21: {=INDEX(Page1!$G$8:$G$37, COLUMN(R21)-10)} -> 0 | ... AN21: {=INDEX(Page1!$G$8:$G$37, COLUMN(AN21)-10)} -> 0 | AO21: =AVERAGE(K21:AN21) -> 0 | AP21: =STDEV(K21:AN21) -> 0 | AQ21: =MIN((AO21-H21)/(3*AP21), (I21-AO21)/(3*AP21)) -> #DIV/0! | AR21: =MIN(K21:AN21) -> 0 | AS21: =MAX(K21:AN21) -> 0 | AT21: =IF(AQ21>=1.33,"Pass","Fail") -> #DIV/0!
A22: 8 | B22: Modulus-MD @2% Strain fresh | C22: As per RMS | D22: N / cm | E22: 3 | F22: 0.1 | G22: 25 | H22: 15 | I22: 35 | J22: OBS 0 | K22: {=INDEX(Page3!$O$9:$O$38, COLUMN(K22)-10)} -> #DIV/0! | L22: {=INDEX(Page3!$O$9:$O$38, COLUMN(L22)-10)} -> #DIV/0! | M22: {=INDEX(Page3!$O$9:$O$38, COLUMN(M22)-10)} -> #DIV/0! | N22: {=INDEX(Page3!$O$9:$O$38, COLUMN(N22)-10)} -> #DIV/0! | O22: {=INDEX(Page3!$O$9:$O$38, COLUMN(O22)-10)} -> #DIV/0! | P22: {=INDEX(Page3!$O$9:$O$38, COLUMN(P22)-10)} -> #DIV/0! | Q22: {=INDEX(Page3!$O$9:$O$38, COLUMN(Q22)-10)} -> #DIV/0! | R22: {=INDEX(Page3!$O$9:$O$38, COLUMN(R22)-10)} -> #DIV/0! | ... AN22: {=INDEX(Page3!$O$9:$O$38, COLUMN(AN22)-10)} -> #DIV/0! | AO22: =AVERAGE(K22:AN22) -> #DIV/0! | AP22: =STDEV(K22:AN22) -> #DIV/0! | AQ22: =MIN((AO22-H22)/(3*AP22), (I22-AO22)/(3*AP22)) -> #DIV/0! | AR22: =MIN(K22:AN22) -> #DIV/0! | AS22: =MAX(K22:AN22) -> #DIV/0! | AT22: =IF(AQ22>=1.33,"Pass","Fail") -> #DIV/0!
A23: 9 | B23: Delta E | C23: As per RMS | D23: Color units - Delta E | E23: 1 | F23: 0.01 | G23: 0.00 | I23: 5.00 | J23: OBS 0 | K23: {=INDEX(Page4!$J$9:$J$38, COLUMN(K23)-10)} -> 0 | L23: {=INDEX(Page4!$J$9:$J$38, COLUMN(L23)-10)} -> 0 | M23: {=INDEX(Page4!$J$9:$J$38, COLUMN(M23)-10)} -> 0 | N23: {=INDEX(Page4!$J$9:$J$38, COLUMN(N23)-10)} -> 0 | O23: {=INDEX(Page4!$J$9:$J$38, COLUMN(O23)-10)} -> 0 | P23: {=INDEX(Page4!$J$9:$J$38, COLUMN(P23)-10)} -> 0 | Q23: {=INDEX(Page4!$J$9:$J$38, COLUMN(Q23)-10)} -> 0 | R23: {=INDEX(Page4!$J$9:$J$38, COLUMN(R23)-10)} -> 0 | ... AN23: {=INDEX(Page4!$J$9:$J$38, COLUMN(AN23)-10)} -> 0 | AO23: =AVERAGE(K23:AN23) -> 0 | AP23: =STDEV(K23:AN23) -> 0 | AQ23: =MIN(I23-AO23)/(3*AP23) -> #DIV/0! | AR23: =MIN(K23:AN23) -> 0 | AS23: =MAX(K23:AN23) -> 0 | AT23: =IF(AQ23>=1.33,"Pass","Fail") -> #DIV/0!
A24: 10 | B24: COF fresh A-side to A side | C24: As per RMS | E24: 1 | F24: 0.01 | G24: 0.40 | H24: 0.20 | I24: 0.60 | J24: 1.33 | K24: {=INDEX(Page1!$M$8:$M$37, COLUMN(K24)-10)} -> 0 | L24: {=INDEX(Page1!$M$8:$M$37, COLUMN(L24)-10)} -> 0 | M24: {=INDEX(Page1!$M$8:$M$37, COLUMN(M24)-10)} -> 0 | N24: {=INDEX(Page1!$M$8:$M$37, COLUMN(N24)-10)} -> 0 | O24: {=INDEX(Page1!$M$8:$M$37, COLUMN(O24)-10)} -> 0 | P24: {=INDEX(Page1!$M$8:$M$37, COLUMN(P24)-10)} -> 0 | Q24: {=INDEX(Page1!$M$8:$M$37, COLUMN(Q24)-10)} -> 0 | R24: {=INDEX(Page1!$M$8:$M$37, COLUMN(R24)-10)} -> 0 | ... AN24: {=INDEX(Page1!$M$8:$M$37, COLUMN(AN24)-10)} -> 0 | AO24: =AVERAGE(K24:AN24) -> 0 | AP24: =STDEV(K24:AN24) -> 0 | AQ24: =MIN((AO24-H24)/(3*AP24), (I24-AO24)/(3*AP24)) -> #DIV/0! | AR24: =MIN(K24:AN24) -> 0 | AS24: =MAX(K24:AN24) -> 0 | AT24: =IF(AQ24>=1.33,"Pass","Fail") -> #DIV/0!
A25: 11 | B25: Opacity | C25: As per RMS | D25: % | E25: 1 | F25: 0.1 | G25: 50.0 | H25: 45.0 | I25: 55.0 | J25: OBS 0 | K25: {=INDEX(Page1!$J$8:$J$37, COLUMN(K25)-10)} -> 0 | L25: {=INDEX(Page1!$J$8:$J$37, COLUMN(L25)-10)} -> 0 | M25: {=INDEX(Page1!$J$8:$J$37, COLUMN(M25)-10)} -> 0 | N25: {=INDEX(Page1!$J$8:$J$37, COLUMN(N25)-10)} -> 0 | O25: {=INDEX(Page1!$J$8:$J$37, COLUMN(O25)-10)} -> 0 | P25: {=INDEX(Page1!$J$8:$J$37, COLUMN(P25)-10)} -> 0 | Q25: {=INDEX(Page1!$J$8:$J$37, COLUMN(Q25)-10)} -> 0 | R25: {=INDEX(Page1!$J$8:$J$37, COLUMN(R25)-10)} -> 0 | ... AN25: {=INDEX(Page1!$J$8:$J$37, COLUMN(AN25)-10)} -> 0 | AO25: =AVERAGE(K25:AN25) -> 0 | AP25: =STDEV(K25:AN25) -> 0 | AQ25: =MIN((AO25-H25)/(3*AP25), (I25-AO25)/(3*AP25)) -> #DIV/0! | AR25: =MIN(K25:AN25) -> 0 | AS25: =MAX(K25:AN25) -> 0 | AT25: =IF(AQ25>=1.33,"Pass","Fail") -> #DIV/0!
A26: 12 | B26: Color - L | C26: As per RMS | D26: Color units - H | E26: 1 | F26: 0.1 | G26: 94.6 | H26: 90.6 | I26: 98.6 | J26: OBS 0 | K26: {=INDEX(Page4!$D$9:$D$38, COLUMN(K26)-10)} -> 0 | L26: {=INDEX(Page4!$D$9:$D$38, COLUMN(L26)-10)} -> 0 | M26: {=INDEX(Page4!$D$9:$D$38, COLUMN(M26)-10)} -> 0 | N26: {=INDEX(Page4!$D$9:$D$38, COLUMN(N26)-10)} -> 0 | O26: {=INDEX(Page4!$D$9:$D$38, COLUMN(O26)-10)} -> 0 | P26: {=INDEX(Page4!$D$9:$D$38, COLUMN(P26)-10)} -> 0 | Q26: {=INDEX(Page4!$D$9:$D$38, COLUMN(Q26)-10)} -> 0 | R26: {=INDEX(Page4!$D$9:$D$38, COLUMN(R26)-10)} -> 0 | ... AN26: {=INDEX(Page4!$D$9:$D$38, COLUMN(AN26)-10)} -> 0 | AO26: =AVERAGE(K26:AN26) -> 0 | AP26: =STDEV(K26:AN26) -> 0 | AQ26: =MIN((AO26-H26)/(3*AP26), (I26-AO26)/(3*AP26)) -> #DIV/0! | AR26: =MIN(K26:AN26) -> 0 | AS26: =MAX(K26:AN26) -> 0 | AT26: =IF(AQ26>=1.33,"Pass","Fail") -> #DIV/0!
A27: 13 | B27: Color - a | C27: As per RMS | D27: Color units - H | E27: 1 | F27: 0.1 | G27: -1.1 | H27: -5.1 | I27: 2.9 | J27: OBS 0 | K27: {=INDEX(Page4!$F$9:$F$38, COLUMN(K27)-10)} -> 0 | L27: {=INDEX(Page4!$F$9:$F$38, COLUMN(L27)-10)} -> 0 | M27: {=INDEX(Page4!$F$9:$F$38, COLUMN(M27)-10)} -> 0 | N27: {=INDEX(Page4!$F$9:$F$38, COLUMN(N27)-10)} -> 0 | O27: {=INDEX(Page4!$F$9:$F$38, COLUMN(O27)-10)} -> 0 | P27: {=INDEX(Page4!$F$9:$F$38, COLUMN(P27)-10)} -> 0 | Q27: {=INDEX(Page4!$F$9:$F$38, COLUMN(Q27)-10)} -> 0 | R27: {=INDEX(Page4!$F$9:$F$38, COLUMN(R27)-10)} -> 0 | ... AN27: {=INDEX(Page4!$F$9:$F$38, COLUMN(AN27)-10)} -> 0 | AO27: =AVERAGE(K27:AN27) -> 0 | AP27: =STDEV(K27:AN27) -> 0 | AQ27: =MIN((AO27-H27)/(3*AP27), (I27-AO27)/(3*AP27)) -> #DIV/0! | AR27: =MIN(K27:AN27) -> 0 | AS27: =MAX(K27:AN27) -> 0 | AT27: =IF(AQ27>=1.33,"Pass","Fail") -> #DIV/0!
A28: 14 | B28: Color - b | C28: As per RMS | D28: Color units - H | E28: 1 | F28: 0.1 | G28: 0.4 | H28: -3.6 | I28: 4.4 | J28: OBS 0 | K28: {=INDEX(Page4!$H$9:$H$38, COLUMN(K28)-10)} -> 0 | L28: {=INDEX(Page4!$H$9:$H$38, COLUMN(L28)-10)} -> 0 | M28: {=INDEX(Page4!$H$9:$H$38, COLUMN(M28)-10)} -> 0 | N28: {=INDEX(Page4!$H$9:$H$38, COLUMN(N28)-10)} -> 0 | O28: {=INDEX(Page4!$H$9:$H$38, COLUMN(O28)-10)} -> 0 | P28: {=INDEX(Page4!$H$9:$H$38, COLUMN(P28)-10)} -> 0 | Q28: {=INDEX(Page4!$H$9:$H$38, COLUMN(Q28)-10)} -> 0 | R28: {=INDEX(Page4!$H$9:$H$38, COLUMN(R28)-10)} -> 0 | ... AN28: {=INDEX(Page4!$H$9:$H$38, COLUMN(AN28)-10)} -> 0 | AO28: =AVERAGE(K28:AN28) -> 0 | AP28: =STDEV(K28:AN28) -> 0 | AQ28: =MIN((AO28-H28)/(3*AP28), (I28-AO28)/(3*AP28)) -> #DIV/0! | AR28: =MIN(K28:AN28) -> 0 | AS28: =MAX(K28:AN28) -> 0 | AT28: =IF(AQ28>=1.33,"Pass","Fail") -> #DIV/0!
A29: 15 | B29: Gloss level | C29: As per RMS | D29: Gloss unit | E29: 3 | F29: 0.1 | G29: 7.0 | I29: 11.0 | J29: OBS 0 | K29: {=INDEX(Page4!$O$9:$O$38, COLUMN(K29)-10)} -> #DIV/0! | L29: {=INDEX(Page4!$O$9:$O$38, COLUMN(L29)-10)} -> #DIV/0! | M29: {=INDEX(Page4!$O$9:$O$38, COLUMN(M29)-10)} -> #DIV/0! | N29: {=INDEX(Page4!$O$9:$O$38, COLUMN(N29)-10)} -> #DIV/0! | O29: {=INDEX(Page4!$O$9:$O$38, COLUMN(O29)-10)} -> #DIV/0! | P29: {=INDEX(Page4!$O$9:$O$38, COLUMN(P29)-10)} -> #DIV/0! | Q29: {=INDEX(Page4!$O$9:$O$38, COLUMN(Q29)-10)} -> #DIV/0! | R29: {=INDEX(Page4!$O$9:$O$38, COLUMN(R29)-10)} -> #DIV/0! | ... AN29: {=INDEX(Page4!$O$9:$O$38, COLUMN(AN29)-10)} -> #DIV/0! | AO29: =AVERAGE(K29:AN29) -> #DIV/0! | AP29: =STDEV(K29:AN29) -> #DIV/0! | AQ29: =MIN(I29-AO29)/(3*AP29) -> #DIV/0! | AR29: =MIN(K29:AN29) -> #DIV/0! | AS29: =MAX(K29:AN29) -> #DIV/0! | AT29: =IF(AQ29>=1.33,"Pass","Fail") -> #DIV/0!
