Workbook

Sheet Page1
A1: SWANSON PLASTICS (INDIA) PVT. LTD. | N1: FQP-QC02-04
A2: Film Inspection Form | N2: Eff. Date: 01/08/2017
N3: Ref:
A4: Product Code: | F4: Prod. Order | J4: Machine | L4: Production Date
A5: Specification: | F5: PO | J5: Quantity | L5: Inspection Date
A6: Testing Equipment Identification Number
A7: Sample No. | D7: Basic Weight (L-14.00 T-16.00 U-18.00) GSM | F7: Thickness (L-0.025 T-0.030 U-0.035) mm | H7: Opacity (L-45.0 T-50.0 U-55.0) % | J7: COF Kinetic (L-0.20 T-0.40 U-0.60) | L7: Cut Width (L-166 T-168 U-170) mm | N7: Color-Delta E (Unprinted Film)- 10 Layers ( T-0.00 U-4.00) | O7: Color-Delta E (Printed Film)- 1 Layers ( T-0.00 U-4.00)
A38: Average | D38: =AVERAGE(D8:E37) -> #DIV/0! | F38: =AVERAGE(F8:G37) -> #DIV/0! | H38: =AVERAGE(H8:I37) -> #DIV/0! | J38: =AVERAGE(J8:K37) -> #DIV/0! | L38: =AVERAGE(L8:M37) -> #DIV/0! | N38: =AVERAGE(N8:N37) -> #DIV/0! | O38: =AVERAGE(O8:O37) -> #DIV/0!
A39: Minimum | D39: =MIN(D8:E37) -> 0 | F39: =MIN(F8:G37) -> 0 | H39: =MIN(H8:I37) -> 0 | J39: =MIN(J8:K37) -> 0 | L39: =MIN(L8:M37) -> 0 | N39: =MIN(N8:N37) -> 0 | O39: =MIN(O8:O37) -> 0
A40: Maximum | D40: =MAX(D8:E37) -> 0 | F40: =MAX(F8:G37) -> 0 | H40: =MAX(H8:I37) -> 0 | J40: =MAX(J8:K37) -> 0 | L40: =MAX(L8:M37) -> 0 | N40: =MAX(N8:N37) -> 0 | O40: =MAX(O8:O37) -> 0
A41: Inspected by: | D41: (QC Inspector) | K41: Verified by: | O41: (QC HOD)
A43: Distribution: Department Concerned | G43: Reference: | H43: MRMP: 00004833.002 GCAS:21088174.001
A44: Retention Period: 5 years | N44: Page No 1 of 4

Sheet Page2
A1: SWANSON PLASTICS (INDIA) PVT. LTD. | N1: FQP-QC02-04
A2: Film Inspection Form | N2: Eff. Date: 01/08/2017
N3: Ref:
A4: Product Code: | B4: =Page1!C4 -> 0 | E4: Prod. Order | G4: =Page1!H4 -> 0 | I4: Machine | J4: =Page1!K4 -> 0 | L4: Production Date | N4: =Page1!N4 -> 0
A5: Specification: | B5: =Page1!C5 -> 0 | E5: PO | G5: =Page1!H5 -> 0 | I5: Quantity | J5: =Page1!K5 -> 0 | L5: Inspection Date | N5: =Page1!N5 -> 0
A6: Testing Equipment Identification Number
A7: Sample No. | D7: Elongation@ Break(%)MD (L-350 T-450) | H7: Force~Tensile Strength@Break(N)MD(L-9.0 T-12.0) | L7: Force~Tensile Strength@Break 5% (N)MD(L-2.5 T-4.0 U-5.5)
D8: 1 | E8: 2 | F8: 3 | G8: Ave | H8: 1 | I8: 2 | J8: 3 | K8: Ave | L8: 1 | M8: 2 | N8: 3 | O8: Ave
A9: =Page1!A8 -> 0 | B9: =Page1!B8 -> 0 | C9: =Page1!C8 -> 0 | G9: =AVERAGE(D9:F9) -> #DIV/0! | K9: =AVERAGE(H9:J9) -> #DIV/0! | O9: =AVERAGE(L9:N9) -> #DIV/0!
A10: =Page1!A9 -> 0 | B10: =Page1!B9 -> 0 | C10: =Page1!C9 -> 0 | G10: =AVERAGE(D10:F10) -> #DIV/0! | K10: =AVERAGE(H10:J10) -> #DIV/0! | O10: =AVERAGE(L10:N10) -> #DIV/0!
A11: =Page1!A10 -> 0 | B11: =Page1!B10 -> 0 | C11: =Page1!C10 -> 0 | G11: =AVERAGE(D11:F11) -> #DIV/0! | K11: =AVERAGE(H11:J11) -> #DIV/0! | O11: =AVERAGE(L11:N11) -> #DIV/0!
A12: =Page1!A11 -> 0 | B12: =Page1!B11 -> 0 | C12: =Page1!C11 -> 0 | G12: =AVERAGE(D12:F12) -> #DIV/0! | K12: =AVERAGE(H12:J12) -> #DIV/0! | O12: =AVERAGE(L12:N12) -> #DIV/0!
A13: =Page1!A12 -> 0 | B13: =Page1!B12 -> 0 | C13: =Page1!C12 -> 0 | G13: =AVERAGE(D13:F13) -> #DIV/0! | K13: =AVERAGE(H13:J13) -> #DIV/0! | O13: =AVERAGE(L13:N13) -> #DIV/0!
A14: =Page1!A13 -> 0 | B14: =Page1!B13 -> 0 | C14: =Page1!C13 -> 0 | G14: =AVERAGE(D14:F14) -> #DIV/0! | K14: =AVERAGE(H14:J14) -> #DIV/0! | O14: =AVERAGE(L14:N14) -> #DIV/0!
A15: =Page1!A14 -> 0 | B15: =Page1!B14 -> 0 | C15: =Page1!C14 -> 0 | G15: =AVERAGE(D15:F15) -> #DIV/0! | K15: =AVERAGE(H15:J15) -> #DIV/0! | O15: =AVERAGE(L15:N15) -> #DIV/0!
A16: =Page1!A15 -> 0 | B16: =Page1!B15 -> 0 | C16: =Page1!C15 -> 0 | G16: =AVERAGE(D16:F16) -> #DIV/0! | K16: =AVERAGE(H16:J16) -> #DIV/0! | O16: =AVERAGE(L16:N16) -> #DIV/0!
A17: =Page1!A16 -> 0 | B17: =Page1!B16 -> 0 | C17: =Page1!C16 -> 0 | G17: =AVERAGE(D17:F17) -> #DIV/0! | K17: =AVERAGE(H17:J17) -> #DIV/0! | O17: =AVERAGE(L17:N17) -> #DIV/0!
A18: =Page1!A17 -> 0 | B18: =Page1!B17 -> 0 | C18: =Page1!C17 -> 0 | G18: =AVERAGE(D18:F18) -> #DIV/0! | K18: =AVERAGE(H18:J18) -> #DIV/0! | O18: =AVERAGE(L18:N18) -> #DIV/0!
A19: =Page1!A18 -> 0 | B19: =Page1!B18 -> 0 | C19: =Page1!C18 -> 0 | G19: =AVERAGE(D19:F19) -> #DIV/0! | K19: =AVERAGE(H19:J19) -> #DIV/0! | O19: =AVERAGE(L19:N19) -> #DIV/0!
A20: =Page1!A19 -> 0 | B20: =Page1!B19 -> 0 | C20: =Page1!C19 -> 0 | G20: =AVERAGE(D20:F20) -> #DIV/0! | K20: =AVERAGE(H20:J20) -> #DIV/0! | O20: =AVERAGE(L20:N20) -> #DIV/0!
... A38: =Page1!A37 -> 0 | B38: =Page1!B37 -> 0 | C38: =Page1!C37 -> 0 | G38: =AVERAGE(D38:F38) -> #DIV/0! | K38: =AVERAGE(H38:J38) -> #DIV/0! | O38: =AVERAGE(L38:N38) -> #DIV/0!
C39: Average | D39: =AVERAGE(G9:G38) -> #DIV/0! | H39: =AVERAGE(K9:K38) -> #DIV/0! | L39: =AVERAGE(O9:O38) -> #DIV/0!
C40: Minimum | D40: =MIN(G9:G38) -> #DIV/0! | H40: =MIN(K9:K38) -> #DIV/0! | L40: =MIN(O9:O38) -> #DIV/0!
C41: Maximum | D41: =MAX(G9:G38) -> #DIV/0! | H41: =MAX(K9:K38) -> #DIV/0! | L41: =MAX(O9:O38) -> #DIV/0!
A42: Inspected by: | D42: (QC Inspector) | K42: Verified by: | O42: (QC HOD)
A44: Distribution: Department Concerned | G44: =Page1!G43 -> Reference: | H44: =Page1!H43 -> MRMP: 00004833.002 GCAS:21088174.001
A45: Retention Period: 5 years | N45: Page No 2 of 4

Sheet Page3
A1: SWANSON PLASTICS (INDIA) PVT. LTD. | N1: FQP-QC02-04
A2: Film Inspection Form | N2: Eff. Date: 01/08/2017
N3: Ref:
A4: Product Code: | B4: =Page1!C4 -> 0 | E4: Prod. Order | G4: =Page1!H4 -> 0 | I4: Machine | J4: =Page1!K4 -> 0 | L4: Production Date | N4: =Page1!N4 -> 0
A5: Specification: | B5: =Page1!C5 -> 0 | E5: PO | G5: =Page1!H5 -> 0 | I5: Quantity | J5: =Page1!K5 -> 0 | L5: Inspection Date | N5: =Page1!N5 -> 0
A6: Testing Equipment Identification Number
A7: Sample No. | D7: Elongation@ Break(%)CD (L-400 T-500) | H7: Force~Tensile Strength@Break (N) CD (L-6.0 T-9.0) | L7: Modulus Fresh @ 2% (L-20.0 T-30.0 U-40.0) N/cm
D8: 1 | E8: 2 | F8: 3 | G8: Ave | H8: 1 | I8: 2 | J8: 3 | K8: Ave | L8: 1 | M8: 2 | N8: 3 | O8: Ave
A9: =Page1!A8 -> 0 | B9: =Page1!B8 -> 0 | C9: =Page1!C8 -> 0 | G9: =AVERAGE(D9:F9) -> #DIV/0! | K9: =AVERAGE(H9:J9) -> #DIV/0! | O9: =AVERAGE(L9:N9) -> #DIV/0!
A10: =Page1!A9 -> 0 | B10: =Page1!B9 -> 0 | C10: =Page1!C9 -> 0 | G10: =AVERAGE(D10:F10) -> #DIV/0! | K10: =AVERAGE(H10:J10) -> #DIV/0! | O10: =AVERAGE(L10:N10) -> #DIV/0!
A11: =Page1!A10 -> 0 | B11: =Page1!B10 -> 0 | C11: =Page1!C10 -> 0 | G11: =AVERAGE(D11:F11) -> #DIV/0! | K11: =AVERAGE(H11:J11) -> #DIV/0! | O11: =AVERAGE(L11:N11) -> #DIV/0!
A12: =Page1!A11 -> 0 | B12: =Page1!B11 -> 0 | C12: =Page1!C11 -> 0 | G12: =AVERAGE(D12:F12) -> #DIV/0! | K12: =AVERAGE(H12:J12) -> #DIV/0! | O12: =AVERAGE(L12:N12) -> #DIV/0!
A13: =Page1!A12 -> 0 | B13: =Page1!B12 -> 0 | C13: =Page1!C12 -> 0 | G13: =AVERAGE(D13:F13) -> #DIV/0! | K13: =AVERAGE(H13:J13) -> #DIV/0! | O13: =AVERAGE(L13:N13) -> #DIV/0!
A14: =Page1!A13 -> 0 | B14: =Page1!B13 -> 0 | C14: =Page1!C13 -> 0 | G14: =AVERAGE(D14:F14) -> #DIV/0! | K14: =AVERAGE(H14:J14) -> #DIV/0! | O14: =AVERAGE(L14:N14) -> #DIV/0!
A15: =Page1!A14 -> 0 | B15: =Page1!B14 -> 0 | C15: =Page1!C14 -> 0 | G15: =AVERAGE(D15:F15) -> #DIV/0! | K15: =AVERAGE(H15:J15) -> #DIV/0! | O15: =AVERAGE(L15:N15) -> #DIV/0!
A16: =Page1!A15 -> 0 | B16: =Page1!B15 -> 0 | C16: =Page1!C15 -> 0 | G16: =AVERAGE(D16:F16) -> #DIV/0! | K16: =AVERAGE(H16:J16) -> #DIV/0! | O16: =AVERAGE(L16:N16) -> #DIV/0!
A17: =Page1!A16 -> 0 | B17: =Page1!B16 -> 0 | C17: =Page1!C16 -> 0 | G17: =AVERAGE(D17:F17) -> #DIV/0! | K17: =AVERAGE(H17:J17) -> #DIV/0! | O17: =AVERAGE(L17:N17) -> #DIV/0!
A18: =Page1!A17 -> 0 | B18: =Page1!B17 -> 0 | C18: =Page1!C17 -> 0 | G18: =AVERAGE(D18:F18) -> #DIV/0! | K18: =AVERAGE(H18:J18) -> #DIV/0! | O18: =AVERAGE(L18:N18) -> #DIV/0!
A19: =Page1!A18 -> 0 | B19: =Page1!B18 -> 0 | C19: =Page1!C18 -> 0 | G19: =AVERAGE(D19:F19) -> #DIV/0! | K19: =AVERAGE(H19:J19) -> #DIV/0! | O19: =AVERAGE(L19:N19) -> #DIV/0!
A20: =Page1!A19 -> 0 | B20: =Page1!B19 -> 0 | C20: =Page1!C19 -> 0 | G20: =AVERAGE(D20:F20) -> #DIV/0! | K20: =AVERAGE(H20:J20) -> #DIV/0! | O20: =AVERAGE(L20:N20) -> #DIV/0!
... A38: =Page1!A37 -> 0 | B38: =Page1!B37 -> 0 | C38: =Page1!C37 -> 0 | G38: =AVERAGE(D38:F38) -> #DIV/0! | K38: =AVERAGE(H38:J38) -> #DIV/0! | O38: =AVERAGE(L38:N38) -> #DIV/0!
C39: Average | D39: =AVERAGE(G9:G38) -> #DIV/0! | H39: =AVERAGE(K9:K38) -> #DIV/0! | L39: =AVERAGE(O9:O38) -> #DIV/0!
C40: Minimum | D40: =MIN(G9:G38) -> #DIV/0! | H40: =MIN(K9:K38) -> #DIV/0! | L40: =MIN(O9:O38) -> #DIV/0!
C41: Maximum | D41: =MAX(G9:G38) -> #DIV/0! | H41: =MAX(K9:K38) -> #DIV/0! | L41: =MAX(O9:O38) -> #DIV/0!
A42: Inspected by: | D42: (QC Inspector) | K42: Verified by: | O42: (QC HOD)
A44: Distribution: Department Concerned | G44: =Page1!G43 -> Reference: | H44: =Page1!H43 -> MRMP: 00004833.002 GCAS:21088174.001
A45: Retention Period: 5 years | N45: Page No 3 of 4

Sheet Page4
A1: SWANSON PLASTICS (INDIA) PVT. LTD. | N1: FQP-QC02-04
A2: Film Inspection Form | N2: Eff. Date: 01/08/2017
N3: Ref:
A4: Product Code: | B4: =Page1!C4 -> 0 | E4: Prod. Order | G4: =Page1!H4 -> 0 | I4: Machine | J4: =Page1!K4 -> 0 | L4: Production Date | N4: =Page1!N4 -> 0
A5: Specification: | B5: =Page1!C5 -> 0 | E5: PO | G5: =Page1!H5 -> 0 | I5: Quantity | J5: =Page1!K5 -> 0 | L5: Inspection Date | N5: =Page1!N5 -> 0
A6: Testing Equipment Identification Number
A7: Sample No. | D7: Gloss (Gloss unit) (T-9.0 U-11.0) | H7: PG Quality System Requirements Pass=0; Fail=1
D8: 1 | E8: 2 | F8: 3 | G8: Ave
A9: =Page1!A8 -> 0 | B9: =Page1!B8 -> 0 | C9: =Page1!C8 -> 0 | G9: =AVERAGE(D9:F9) -> #DIV/0! | H9: 0
A10: =Page1!A9 -> 0 | B10: =Page1!B9 -> 0 | C10: =Page1!C9 -> 0 | G10: =AVERAGE(D10:F10) -> #DIV/0! | H10: 0
A11: =Page1!A10 -> 0 | B11: =Page1!B10 -> 0 | C11: =Page1!C10 -> 0 | G11: =AVERAGE(D11:F11) -> #DIV/0! | H11: 0
A12: =Page1!A11 -> 0 | B12: =Page1!B11 -> 0 | C12: =Page1!C11 -> 0 | G12: =AVERAGE(D12:F12) -> #DIV/0! | H12: 0
A13: =Page1!A12 -> 0 | B13: =Page1!B12 -> 0 | C13: =Page1!C12 -> 0 | G13: =AVERAGE(D13:F13) -> #DIV/0! | H13: 0
A14: =Page1!A13 -> 0 | B14: =Page1!B13 -> 0 | C14: =Page1!C13 -> 0 | G14: =AVERAGE(D14:F14) -> #DIV/0! | H14: 0
A15: =Page1!A14 -> 0 | B15: =Page1!B14 -> 0 | C15: =Page1!C14 -> 0 | G15: =AVERAGE(D15:F15) -> #DIV/0! | H15: 0
A16: =Page1!A15 -> 0 | B16: =Page1!B15 -> 0 | C16: =Page1!C15 -> 0 | G16: =AVERAGE(D16:F16) -> #DIV/0! | H16: 0
A17: =Page1!A16 -> 0 | B17: =Page1!B16 -> 0 | C17: =Page1!C16 -> 0 | G17: =AVERAGE(D17:F17) -> #DIV/0! | H17: 0
A18: =Page1!A17 -> 0 | B18: =Page1!B17 -> 0 | C18: =Page1!C17 -> 0 | G18: =AVERAGE(D18:F18) -> #DIV/0! | H18: 0
A19: =Page1!A18 -> 0 | B19: =Page1!B18 -> 0 | C19: =Page1!C18 -> 0 | G19: =AVERAGE(D19:F19) -> #DIV/0! | H19: 0
A20: =Page1!A19 -> 0 | B20: =Page1!B19 -> 0 | C20: =Page1!C19 -> 0 | G20: =AVERAGE(D20:F20) -> #DIV/0! | H20: 0
... A38: =Page1!A37 -> 0 | B38: =Page1!B37 -> 0 | C38: =Page1!C37 -> 0 | G38: =AVERAGE(D38:F38) -> #DIV/0! | H38: 0
C39: Average | D39: =AVERAGE(G9:G38) -> #DIV/0! | H39: =AVERAGE(H9:I38) -> 0
C40: Minimum | D40: =MIN(G9:G38) -> #DIV/0! | H40: =MIN(I9:I38) -> 0
C41: Maximum | D41: =MAX(G9:G38) -> #DIV/0! | H41: =MAX(I9:I38) -> 0
A42: Inspected by: | D42: (QC Inspector) | K42: Verified by: | O42: (QC HOD)
A44: Distribution: Department Concerned | G44: =Page1!G43 -> Reference: | H44: =Page1!H43 -> MRMP: 00004833.002 GCAS:21088174.001
A45: Retention Period: 5 years | N45: Page No 4 of 4

Sheet 21088174.001_01_COA
C1: Test Name - (O) - Optional, (RRG#) - Reference Part Report Group #, (MRG#) - Master Part Report Group #: | D1: Dimension ~ Width~~Slit Roll | E1: Appearance ~ Gloss~~. | F1: Opacity~~. | G1: Appearance ~ Color~~Delta E | H1: Basis Weight~~. | I1: Elongation~~CD ~ Break | J1: Elongation~~MD ~ Break | K1: Force ~ Tensile Strength~~CD ~ Break | L1: Force ~ Tensile Strength~~MD ~ Break | M1: Force ~ Tensile Strength~~MD ~ 5 Percent Elongation | N1: Dimension ~ Thickness~~. | O1: Modulus~~Web ~ MD at 2 Percent | P1: Assay ~ Organotin~~. | Q1: PG Quality System Requirements~~. | R1: Record Review~~Laboratory Review
A2: Date | B2: Time | C2: Ref | D2: 21088174.001.1 | E2: 21088174.001.5 | F2: 21088174.001.6 | G2: 21088174.001.8 | H2: MRMP-00004833.002.1 | I2: MRMP-00004833.002.2 | J2: MRMP-00004833.002.3 | K2: MRMP-00004833.002.4 | L2: MRMP-00004833.002.5 | M2: MRMP-00004833.002.6 | N2: MRMP-00004833.002.7 | O2: MRMP-00004833.002.8 | P2: MRMP-00004833.002.31 | Q2: MRMP-00004833.002.34 | R2: MRMP-00004833.002.36
B3: =Page1!C8 -> 0 | D3: =Page1!L8 -> 0 | E3: =Page4!G9 -> #DIV/0! | F3: =Page1!H8 -> 0 | G3: =Page1!N8 -> 0 | H3: =Page1!D8 -> 0 | I3: =Page3!G9 -> #DIV/0! | J3: =Page2!G9 -> #DIV/0! | K3: =Page3!K9 -> #DIV/0! | L3: =Page2!K9 -> #DIV/0! | M3: =Page2!O9 -> #DIV/0! | N3: =Page1!F8 -> 0 | O3: =Page3!O9 -> #DIV/0! | P3: 0 | Q3: =Page4!H9 -> 0 | R3: 0
B4: =Page1!C9 -> 0 | D4: =Page1!L9 -> 0 | E4: =Page4!G10 -> #DIV/0! | F4: =Page1!H9 -> 0 | G4: =Page1!N9 -> 0 | H4: =Page1!D9 -> 0 | I4: =Page3!G10 -> #DIV/0! | J4: =Page2!G10 -> #DIV/0! | K4: =Page3!K10 -> #DIV/0! | L4: =Page2!K10 -> #DIV/0! | M4: =Page2!O10 -> #DIV/0! | N4: =Page1!F9 -> 0 | O4: =Page3!O10 -> #DIV/0! | P4: =P3 -> 0 | Q4: =Page4!H10 -> 0 | R4: =R3 -> 0
B5: =Page1!C10 -> 0 | D5: =Page1!L10 -> 0 | E5: =Page4!G11 -> #DIV/0! | F5: =Page1!H10 -> 0 | G5: =Page1!N10 -> 0 | H5: =Page1!D10 -> 0 | I5: =Page3!G11 -> #DIV/0! | J5: =Page2!G11 -> #DIV/0! | K5: =Page3!K11 -> #DIV/0! | L5: =Page2!K11 -> #DIV/0! | M5: =Page2!O11 -> #DIV/0! | N5: =Page1!F10 -> 0 | O5: =Page3!O11 -> #DIV/0! | P5: =P4 -> 0 | Q5: =Page4!H11 -> 0 | R5: =R4 -> 0
B6: =Page1!C11 -> 0 | D6: =Page1!L11 -> 0 | E6: =Page4!G12 -> #DIV/0! | F6: =Page1!H11 -> 0 | G6: =Page1!N11 -> 0 | H6: =Page1!D11 -> 0 | I6: =Page3!G12 -> #DIV/0! | J6: =Page2!G12 -> #DIV/0! | K6: =Page3!K12 -> #DIV/0! | L6: =Page2!K12 -> #DIV/0! | M6: =Page2!O12 -> #DIV/0! | N6: =Page1!F11 -> 0 | O6: =Page3!O12 -> #DIV/0! | P6: =P5 -> 0 | Q6: =Page4!H12 -> 0 | R6: =R5 -> 0
B7: =Page1!C12 -> 0 | D7: =Page1!L12 -> 0 | E7: =Page4!G13 -> #DIV/0! | F7: =Page1!H12 -> 0 | G7: =Page1!N12 -> 0 | H7: =Page1!D12 -> 0 | I7: =Page3!G13 -> #DIV/0! | J7: =Page2!G13 -> #DIV/0! | K7: =Page3!K13 -> #DIV/0! | L7: =Page2!K13 -> #DIV/0! | M7: =Page2!O13 -> #DIV/0! | N7: =Page1!F12 -> 0 | O7: =Page3!O13 -> #DIV/0! | P7: =P6 -> 0 | Q7: =Page4!H13 -> 0 | R7: =R6 -> 0
B8: =Page1!C13 -> 0 | D8: =Page1!L13 -> 0 | E8: =Page4!G14 -> #DIV/0! | F8: =Page1!H13 -> 0 | G8: =Page1!N13 -> 0 | H8: =Page1!D13 -> 0 | I8: =Page3!G14 -> #DIV/0! | J8: =Page2!G14 -> #DIV/0! | K8: =Page3!K14 -> #DIV/0! | L8: =Page2!K14 -> #DIV/0! | M8: =Page2!O14 -> #DIV/0! | N8: =Page1!F13 -> 0 | O8: =Page3!O14 -> #DIV/0! | P8: =P7 -> 0 | Q8: =Page4!H14 -> 0 | R8: =R7 -> 0
B9: =Page1!C14 -> 0 | D9: =Page1!L14 -> 0 | E9: =Page4!G15 -> #DIV/0! | F9: =Page1!H14 -> 0 | G9: =Page1!N14 -> 0 | H9: =Page1!D14 -> 0 | I9: =Page3!G15 -> #DIV/0! | J9: =Page2!G15 -> #DIV/0! | K9: =Page3!K15 -> #DIV/0! | L9: =Page2!K15 -> #DIV/0! | M9: =Page2!O15 -> #DIV/0! | N9: =Page1!F14 -> 0 | O9: =Page3!O15 -> #DIV/0! | P9: =P3 -> 0 | Q9: =Page4!H15 -> 0 | R9: =R3 -> 0
B10: =Page1!C15 -> 0 | D10: =Page1!L15 -> 0 | E10: =Page4!G16 -> #DIV/0! | F10: =Page1!H15 -> 0 | G10: =Page1!N15 -> 0 | H10: =Page1!D15 -> 0 | I10: =Page3!G16 -> #DIV/0! | J10: =Page2!G16 -> #DIV/0! | K10: =Page3!K16 -> #DIV/0! | L10: =Page2!K16 -> #DIV/0! | M10: =Page2!O16 -> #DIV/0! | N10: =Page1!F15 -> 0 | O10: =Page3!O16 -> #DIV/0! | P10: =P3 -> 0 | Q10: =Page4!H16 -> 0 | R10: =R3 -> 0
B11: =Page1!C16 -> 0 | D11: =Page1!L16 -> 0 | E11: =Page4!G17 -> #DIV/0! | F11: =Page1!H16 -> 0 | G11: =Page1!N16 -> 0 | H11: =Page1!D16 -> 0 | I11: =Page3!G17 -> #DIV/0! | J11: =Page2!G17 -> #DIV/0! | K11: =Page3!K17 -> #DIV/0! | L11: =Page2!K17 -> #DIV/0! | M11: =Page2!O17 -> #DIV/0! | N11: =Page1!F16 -> 0 | O11: =Page3!O17 -> #DIV/0! | P11: =P3 -> 0 | Q11: =Page4!H17 -> 0 | R11: =R3 -> 0
B12: =Page1!C17 -> 0 | D12: =Page1!L17 -> 0 | E12: =Page4!G18 -> #DIV/0! | F12: =Page1!H17 -> 0 | G12: =Page1!N17 -> 0 | H12: =Page1!D17 -> 0 | I12: =Page3!G18 -> #DIV/0! | J12: =Page2!G18 -> #DIV/0! | K12: =Page3!K18 -> #DIV/0! | L12: =Page2!K18 -> #DIV/0! | M12: =Page2!O18 -> #DIV/0! | N12: =Page1!F17 -> 0 | O12: =Page3!O18 -> #DIV/0! | P12: =P3 -> 0 | Q12: =Page4!H18 -> 0 | R12: =R3 -> 0
B13: =Page1!C18 -> 0 | D13: =Page1!L18 -> 0 | E13: =Page4!G19 -> #DIV/0! | F13: =Page1!H18 -> 0 | G13: =Page1!N18 -> 0 | H13: =Page1!D18 -> 0 | I13: =Page3!G19 -> #DIV/0! | J13: =Page2!G19 -> #DIV/0! | K13: =Page3!K19 -> #DIV/0! | L13: =Page2!K19 -> #DIV/0! | M13: =Page2!O19 -> #DIV/0! | N13: =Page1!F18 -> 0 | O13: =Page3!O19 -> #DIV/0! | P13: =P3 -> 0 | Q13: =Page4!H19 -> 0 | R13: =R3 -> 0
B14: =Page1!C19 -> 0 | D14: =Page1!L19 -> 0 | E14: =Page4!G20 -> #DIV/0! | F14: =Page1!H19 -> 0 | G14: =Page1!N19 -> 0 | H14: =Page1!D19 -> 0 | I14: =Page3!G20 -> #DIV/0! | J14: =Page2!G20 -> #DIV/0! | K14: =Page3!K20 -> #DIV/0! | L14: =Page2!K20 -> #DIV/0! | M14: =Page2!O20 -> #DIV/0! | N14: =Page1!F19 -> 0 | O14: =Page3!O20 -> #DIV/0! | P14: =P3 -> 0 | Q14: =Page4!H20 -> 0 | R14: =R3 -> 0
B15: =Page1!C20 -> 0 | D15: =Page1!L20 -> 0 | E15: =Page4!G21 -> #DIV/0! | F15: =Page1!H20 -> 0 | G15: =Page1!N20 -> 0 | H15: =Page1!D20 -> 0 | I15: =Page3!G21 -> #DIV/0! | J15: =Page2!G21 -> #DIV/0! | K15: =Page3!K21 -> #DIV/0! | L15: =Page2!K21 -> #DIV/0! | M15: =Page2!O21 -> #DIV/0! | N15: =Page1!F20 -> 0 | O15: =Page3!O21 -> #DIV/0! | P15: =P3 -> 0 | Q15: =Page4!H21 -> 0 | R15: =R3 -> 0
B16: =Page1!C21 -> 0 | D16: =Page1!L21 -> 0 | E16: =Page4!G22 -> #DIV/0! | F16: =Page1!H21 -> 0 | G16: =Page1!N21 -> 0 | H16: =Page1!D21 -> 0 | I16: =Page3!G22 -> #DIV/0! | J16: =Page2!G22 -> #DIV/0! | K16: =Page3!K22 -> #DIV/0! | L16: =Page2!K22 -> #DIV/0! | M16: =Page2!O22 -> #DIV/0! | N16: =Page1!F21 -> 0 | O16: =Page3!O22 -> #DIV/0! | P16: =P3 -> 0 | Q16: =Page4!H22 -> 0 | R16: =R3 -> 0
B17: =Page1!C22 -> 0 | D17: =Page1!L22 -> 0 | E17: =Page4!G23 -> #DIV/0! | F17: =Page1!H22 -> 0 | G17: =Page1!N22 -> 0 | H17: =Page1!D22 -> 0 | I17: =Page3!G23 -> #DIV/0! | J17: =Page2!G23 -> #DIV/0! | K17: =Page3!K23 -> #DIV/0! | L17: =Page2!K23 -> #DIV/0! | M17: =Page2!O23 -> #DIV/0! | N17: =Page1!F22 -> 0 | O17: =Page3!O23 -> #DIV/0! | P17: =P3 -> 0 | Q17: =Page4!H23 -> 0 | R17: =R3 -> 0
B18: =Page1!C23 -> 0 | D18: =Page1!L23 -> 0 | E18: =Page4!G24 -> #DIV/0! | F18: =Page1!H23 -> 0 | G18: =Page1!N23 -> 0 | H18: =Page1!D23 -> 0 | I18: =Page3!G24 -> #DIV/0! | J18: =Page2!G24 -> #DIV/0! | K18: =Page3!K24 -> #DIV/0! | L18: =Page2!K24 -> #DIV/0! | M18: =Page2!O24 -> #DIV/0! | N18: =Page1!F23 -> 0 | O18: =Page3!O24 -> #DIV/0! | P18: =P3 -> 0 | Q18: =Page4!H24 -> 0 | R18: =R3 -> 0
B19: =Page1!C24 -> 0 | D19: =Page1!L24 -> 0 | E19: =Page4!G25 -> #DIV/0! | F19: =Page1!H24 -> 0 | G19: =Page1!N24 -> 0 | H19: =Page1!D24 -> 0 | I19: =Page3!G25 -> #DIV/0! | J19: =Page2!G25 -> #DIV/0! | K19: =Page3!K25 -> #DIV/0! | L19: =Page2!K25 -> #DIV/0! | M19: =Page2!O25 -> #DIV/0! | N19: =Page1!F24 -> 0 | O19: =Page3!O25 -> #DIV/0! | P19: =P3 -> 0 | Q19: =Page4!H25 -> 0 | R19: =R3 -> 0
B20: =Page1!C25 -> 0 | D20: =Page1!L25 -> 0 | E20: =Page4!G26 -> #DIV/0! | F20: =Page1!H25 -> 0 | G20: =Page1!N25 -> 0 | H20: =Page1!D25 -> 0 | I20: =Page3!G26 -> #DIV/0! | J20: =Page2!G26 -> #DIV/0! | K20: =Page3!K26 -> #DIV/0! | L20: =Page2!K26 -> #DIV/0! | M20: =Page2!O26 -> #DIV/0! | N20: =Page1!F25 -> 0 | O20: =Page3!O26 -> #DIV/0! | P20: =P3 -> 0 | Q20: =Page4!H26 -> 0 | R20: =R3 -> 0
B21: =Page1!C26 -> 0 | D21: =Page1!L26 -> 0 | E21: =Page4!G27 -> #DIV/0! | F21: =Page1!H26 -> 0 | G21: =Page1!N26 -> 0 | H21: =Page1!D26 -> 0 | I21: =Page3!G27 -> #DIV/0! | J21: =Page2!G27 -> #DIV/0! | K21: =Page3!K27 -> #DIV/0! | L21: =Page2!K27 -> #DIV/0! | M21: =Page2!O27 -> #DIV/0! | N21: =Page1!F26 -> 0 | O21: =Page3!O27 -> #DIV/0! | P21: =P3 -> 0 | Q21: =Page4!H27 -> 0 | R21: =R3 -> 0
B22: =Page1!C27 -> 0 | D22: =Page1!L27 -> 0 | E22: =Page4!G28 -> #DIV/0! | F22: =Page1!H27 -> 0 | G22: =Page1!N27 -> 0 | H22: =Page1!D27 -> 0 | I22: =Page3!G28 -> #DIV/0! | J22: =Page2!G28 -> #DIV/0! | K22: =Page3!K28 -> #DIV/0! | L22: =Page2!K28 -> #DIV/0! | M22: =Page2!O28 -> #DIV/0! | N22: =Page1!F27 -> 0 | O22: =Page3!O28 -> #DIV/0! | P22: =P3 -> 0 | Q22: =Page4!H28 -> 0 | R22: =R3 -> 0
B23: =Page1!C28 -> 0 | D23: =Page1!L28 -> 0 | E23: =Page4!G29 -> #DIV/0! | F23: =Page1!H28 -> 0 | G23: =Page1!N28 -> 0 | H23: =Page1!D28 -> 0 | I23: =Page3!G29 -> #DIV/0! | J23: =Page2!G29 -> #DIV/0! | K23: =Page3!K29 -> #DIV/0! | L23: =Page2!K29 -> #DIV/0! | M23: =Page2!O29 -> #DIV/0! | N23: =Page1!F28 -> 0 | O23: =Page3!O29 -> #DIV/0! | P23: =P3 -> 0 | Q23: =Page4!H29 -> 0 | R23: =R3 -> 0
B24: =Page1!C29 -> 0 | D24: =Page1!L29 -> 0 | E24: =Page4!G30 -> #DIV/0! | F24: =Page1!H29 -> 0 | G24: =Page1!N29 -> 0 | H24: =Page1!D29 -> 0 | I24: =Page3!G30 -> #DIV/0! | J24: =Page2!G30 -> #DIV/0! | K24: =Page3!K30 -> #DIV/0! | L24: =Page2!K30 -> #DIV/0! | M24: =Page2!O30 -> #DIV/0! | N24: =Page1!F29 -> 0 | O24: =Page3!O30 -> #DIV/0! | P24: =P3 -> 0 | Q24: =Page4!H30 -> 0 | R24: =R3 -> 0
B25: =Page1!C30 -> 0 | D25: =Page1!L30 -> 0 | E25: =Page4!G31 -> #DIV/0! | F25: =Page1!H30 -> 0 | G25: =Page1!N30 -> 0 | H25: =Page1!D30 -> 0 | I25: =Page3!G31 -> #DIV/0! | J25: =Page2!G31 -> #DIV/0! | K25: =Page3!K31 -> #DIV/0! | L25: =Page2!K31 -> #DIV/0! | M25: =Page2!O31 -> #DIV/0! | N25: =Page1!F30 -> 0 | O25: =Page3!O31 -> #DIV/0! | P25: =P3 -> 0 | Q25: =Page4!H31 -> 0 | R25: =R3 -> 0
B26: =Page1!C31 -> 0 | D26: =Page1!L31 -> 0 | E26: =Page4!G32 -> #DIV/0! | F26: =Page1!H31 -> 0 | G26: =Page1!N31 -> 0 | H26: =Page1!D31 -> 0 | I26: =Page3!G32 -> #DIV/0! | J26: =Page2!G32 -> #DIV/0! | K26: =Page3!K32 -> #DIV/0! | L26: =Page2!K32 -> #DIV/0! | M26: =Page2!O32 -> #DIV/0! | N26: =Page1!F31 -> 0 | O26: =Page3!O32 -> #DIV/0! | P26: =P3 -> 0 | Q26: =Page4!H32 -> 0 | R26: =R3 -> 0
B27: =Page1!C32 -> 0 | D27: =Page1!L32 -> 0 | E27: =Page4!G33 -> #DIV/0! | F27: =Page1!H32 -> 0 | G27: =Page1!N32 -> 0 | H27: =Page1!D32 -> 0 | I27: =Page3!G33 -> #DIV/0! | J27: =Page2!G33 -> #DIV/0! | K27: =Page3!K33 -> #DIV/0! | L27: =Page2!K33 -> #DIV/0! | M27: =Page2!O33 -> #DIV/0! | N27: =Page1!F32 -> 0 | O27: =Page3!O33 -> #DIV/0! | P27: =P3 -> 0 | Q27: =Page4!H33 -> 0 | R27: =R3 -> 0
B28: =Page1!C33 -> 0 | D28: =Page1!L33 -> 0 | E28: =Page4!G34 -> #DIV/0! | F28: =Page1!H33 -> 0 | G28: =Page1!N33 -> 0 | H28: =Page1!D33 -> 0 | I28: =Page3!G34 -> #DIV/0! | J28: =Page2!G34 -> #DIV/0! | K28: =Page3!K34 -> #DIV/0! | L28: =Page2!K34 -> #DIV/0! | M28: =Page2!O34 -> #DIV/0! | N28: =Page1!F33 -> 0 | O28: =Page3!O34 -> #DIV/0! | P28: =P3 -> 0 | Q28: =Page4!H34 -> 0 | R28: =R3 -> 0
B29: =Page1!C34 -> 0 | D29: =Page1!L34 -> 0 | E29: =Page4!G35 -> #DIV/0! | F29: =Page1!H34 -> 0 | G29: =Page1!N34 -> 0 | H29: =Page1!D34 -> 0 | I29: =Page3!G35 -> #DIV/0! | J29: =Page2!G35 -> #DIV/0! | K29: =Page3!K35 -> #DIV/0! | L29: =Page2!K35 -> #DIV/0! | M29: =Page2!O35 -> #DIV/0! | N29: =Page1!F34 -> 0 | O29: =Page3!O35 -> #DIV/0! | P29: =P3 -> 0 | Q29: =Page4!H35 -> 0 | R29: =R3 -> 0
B30: =Page1!C35 -> 0 | D30: =Page1!L35 -> 0 | E30: =Page4!G36 -> #DIV/0! | F30: =Page1!H35 -> 0 | G30: =Page1!N35 -> 0 | H30: =Page1!D35 -> 0 | I30: =Page3!G36 -> #DIV/0! | J30: =Page2!G36 -> #DIV/0! | K30: =Page3!K36 -> #DIV/0! | L30: =Page2!K36 -> #DIV/0! | M30: =Page2!O36 -> #DIV/0! | N30: =Page1!F35 -> 0 | O30: =Page3!O36 -> #DIV/0! | P30: =P3 -> 0 | Q30: =Page4!H36 -> 0 | R30: =R3 -> 0
B31: =Page1!C36 -> 0 | D31: =Page1!L36 -> 0 | E31: =Page4!G37 -> #DIV/0! | F31: =Page1!H36 -> 0 | G31: =Page1!N36 -> 0 | H31: =Page1!D36 -> 0 | I31: =Page3!G37 -> #DIV/0! | J31: =Page2!G37 -> #DIV/0! | K31: =Page3!K37 -> #DIV/0! | L31: =Page2!K37 -> #DIV/0! | M31: =Page2!O37 -> #DIV/0! | N31: =Page1!F36 -> 0 | O31: =Page3!O37 -> #DIV/0! | P31: =P3 -> 0 | Q31: =Page4!H37 -> 0 | R31: =R3 -> 0
B32: =Page1!C37 -> 0 | D32: =Page1!L37 -> 0 | E32: =Page4!G38 -> #DIV/0! | F32: =Page1!H37 -> 0 | G32: =Page1!N37 -> 0 | H32: =Page1!D37 -> 0 | I32: =Page3!G38 -> #DIV/0! | J32: =Page2!G38 -> #DIV/0! | K32: =Page3!K38 -> #DIV/0! | L32: =Page2!K38 -> #DIV/0! | M32: =Page2!O38 -> #DIV/0! | N32: =Page1!F37 -> 0 | O32: =Page3!O38 -> #DIV/0! | P32: =P3 -> 0 | Q32: =Page4!H38 -> 0 | R32: =R3 -> 0

Sheet CpK
A2: Sr. No. | B2: Requirement | C2: Test Method | D2: Units | E2: Sub group | F2: Report To | G2: Target | H2: LSL | I2: USL | J2: RC | K2: 1 | L2: 2 | M2: 3 | N2: 4 | O2: 5 | P2: 6 | Q2: 7 | R2: 8 | S2: 9 | T2: 10 | U2: 11 | V2: 12 | W2: 13 | X2: 14 | Y2: 15 | Z2: 16 | AA2: 17 | AB2: 18 | AC2: 19 | AD2: 20 | AE2: 21 | AF2: 22 | AG2: 23 | AH2: 24 | AI2: 25 | AJ2: 26 | AK2: 27 | AL2: 28 | AM2: 29 | AN2: 30 | AO2: Average | AP2: STDEV | AQ2: cpk | AR2: Min | AS2: Max | AT2: Pass/Fail
A3: 1 | B3: Cut Width | C3: As per RMS | D3: Color units - H | E3: 1 | F3: 1 | G3: 168 | H3: 166 | I3: 170 | J3: OBS 0 | K3: {=INDEX(Page1!$L$8:$L$37, COLUMN(K3)-10)} -> 0 | L3: {=INDEX(Page1!$L$8:$L$37, COLUMN(L3)-10)} -> 0 | M3: {=INDEX(Page1!$L$8:$L$37, COLUMN(M3)-10)} -> 0 | N3: {=INDEX(Page1!$L$8:$L$37, COLUMN(N3)-10)} -> 0 | O3: {=INDEX(Page1!$L$8:$L$37, COLUMN(O3)-10)} -> 0 | P3: {=INDEX(Page1!$L$8:$L$37, COLUMN(P3)-10)} -> 0 | Q3: {=INDEX(Page1!$L$8:$L$37, COLUMN(Q3)-10)} -> 0 | R3: {=INDEX(Page1!$L$8:$L$37, COLUMN(R3)-10)} -> 0 | ... AN3: {=INDEX(Page1!$L$8:$L$37, COLUMN(AN3)-10)} -> 0 | AO3: =AVERAGE(K3:AN3) -> 0 | AP3: =STDEV(K3:AN3) -> 0 | AQ3: =MIN((AO3-H3)/(3*AP3), (I3-AO3)/(3*AP3)) -> #DIV/0! | AR3: =MIN(K3:AN3) -> 0 | AS3: =MAX(K3:AN3) -> 0 | AT3: =IF(AQ3>=1.33,"Pass","Fail") -> #DIV/0!
A4: 2 | B4: Gloss level | C4: As per RMS | D4: Gloss unit | E4: 3 | F4: 0.1 | G4: 9.0 | I4: 11.0 | J4: OBS 0 | K4: {=INDEX(Page4!$G$9:$G$38, COLUMN(K4)-10)} -> #DIV/0! | L4: {=INDEX(Page4!$G$9:$G$38, COLUMN(L4)-10)} -> #DIV/0! | M4: {=INDEX(Page4!$G$9:$G$38, COLUMN(M4)-10)} -> #DIV/0! | N4: {=INDEX(Page4!$G$9:$G$38, COLUMN(N4)-10)} -> #DIV/0! | O4: {=INDEX(Page4!$G$9:$G$38, COLUMN(O4)-10)} -> #DIV/0! | P4: {=INDEX(Page4!$G$9:$G$38, COLUMN(P4)-10)} -> #DIV/0! | Q4: {=INDEX(Page4!$G$9:$G$38, COLUMN(Q4)-10)} -> #DIV/0! | R4: {=INDEX(Page4!$G$9:$G$38, COLUMN(R4)-10)} -> #DIV/0! | ... AN4: {=INDEX(Page4!$G$9:$G$38, COLUMN(AN4)-10)} -> #DIV/0! | AO4: =AVERAGE(K4:AN4) -> #DIV/0! | AP4: =STDEV(K4:AN4) -> #DIV/0! | AQ4: =(I4-AO4)/(3*AP4) -> #DIV/0! | AR4: =MIN(K4:AN4) -> #DIV/0! | AS4: =MAX(K4:AN4) -> #DIV/0! | AT4: =IF(AQ4>=1.33,"Pass","Fail") -> #DIV/0!
A5: 3 | B5: Opacity | C5: As per RMS | D5: % | E5: 1 | F5: 0.1 | G5: 50.0 | H5: 45.0 | I5: 55.0 | J5: OBS 0 | K5: {=INDEX(Page1!$H$8:$H$37, COLUMN(K5)-10)} -> 0 | L5: {=INDEX(Page1!$H$8:$H$37, COLUMN(L5)-10)} -> 0 | M5: {=INDEX(Page1!$H$8:$H$37, COLUMN(M5)-10)} -> 0 | N5: {=INDEX(Page1!$H$8:$H$37, COLUMN(N5)-10)} -> 0 | O5: {=INDEX(Page1!$H$8:$H$37, COLUMN(O5)-10)} -> 0 | P5: {=INDEX(Page1!$H$8:$H$37, COLUMN(P5)-10)} -> 0 | Q5: {=INDEX(Page1!$H$8:$H$37, COLUMN(Q5)-10)} -> 0 | R5: {=INDEX(Page1!$H$8:$H$37, COLUMN(R5)-10)} -> 0 | ... AN5: {=INDEX(Page1!$H$8:$H$37, COLUMN(AN5)-10)} -> 0 | AO5: =AVERAGE(K5:AN5) -> 0 | AP5: =STDEV(K5:AN5) -> 0 | AQ5: =MIN((AO5-H5)/(3*AP5), (I5-AO5)/(3*AP5)) -> #DIV/0! | AR5: =MIN(K5:AN5) -> 0 | AS5: =MAX(K5:AN5) -> 0 | AT5: =IF(AQ5>=1.33,"Pass","Fail") -> #DIV/0!
A6: 4 | B6: Delta E(Unprinted Film-10 layers) | C6: As per RMS | D6: Color units - H | E6: 1 | F6: 0.01 | G6: 0.00 | I6: 4.00 | J6: OBS 0 | K6: {=INDEX(Page1!$N$8:$N$37, COLUMN(K6)-10)} -> 0 | L6: {=INDEX(Page1!$N$8:$N$37, COLUMN(L6)-10)} -> 0 | M6: {=INDEX(Page1!$N$8:$N$37, COLUMN(M6)-10)} -> 0 | N6: {=INDEX(Page1!$N$8:$N$37, COLUMN(N6)-10)} -> 0 | O6: {=INDEX(Page1!$N$8:$N$37, COLUMN(O6)-10)} -> 0 | P6: {=INDEX(Page1!$N$8:$N$37, COLUMN(P6)-10)} -> 0 | Q6: {=INDEX(Page1!$N$8:$N$37, COLUMN(Q6)-10)} -> 0 | R6: {=INDEX(Page1!$N$8:$N$37, COLUMN(R6)-10)} -> 0 | ... AN6: {=INDEX(Page1!$N$8:$N$37, COLUMN(AN6)-10)} -> 0 | AO6: =AVERAGE(K6:AN6) -> 0 | AP6: =STDEV(K6:AN6) -> 0 | AQ6: =(I6-AO6)/(3*AP6) -> #DIV/0! | AR6: =MIN(K6:AN6) -> 0 | AS6: =MAX(K6:AN6) -> 0 | AT6: =IF(AQ6>=1.33,"Pass","Fail") -> #DIV/0!
A7: 5 | B7: Basis weight | C7: As per RMS | D7: GSM | E7: 1 | F7: 0.01 | G7: 16.00 | H7: 14.00 | I7: 18.00 | J7: 1.33 | K7: {=INDEX(Page1!$D$8:$D$37, COLUMN(K7)-10)} -> 0 | L7: {=INDEX(Page1!$D$8:$D$37, COLUMN(L7)-10)} -> 0 | M7: {=INDEX(Page1!$D$8:$D$37, COLUMN(M7)-10)} -> 0 | N7: {=INDEX(Page1!$D$8:$D$37, COLUMN(N7)-10)} -> 0 | O7: {=INDEX(Page1!$D$8:$D$37, COLUMN(O7)-10)} -> 0 | P7: {=INDEX(Page1!$D$8:$D$37, COLUMN(P7)-10)} -> 0 | Q7: {=INDEX(Page1!$D$8:$D$37, COLUMN(Q7)-10)} -> 0 | R7: {=INDEX(Page1!$D$8:$D$37, COLUMN(R7)-10)} -> 0 | ... AN7: {=INDEX(Page1!$D$8:$D$37, COLUMN(AN7)-10)} -> 0 | AO7: =AVERAGE(K7:AN7) -> 0 | AP7: =STDEV(K7:AN7) -> 0 | AQ7: =MIN((AO7-H7)/(3*AP7), (I7-AO7)/(3*AP7)) -> #DIV/0! | AR7: =MIN(K7:AN7) -> 0 | AS7: =MAX(K7:AN7) -> 0 | AT7: =IF(AQ7>=1.33,"Pass","Fail") -> #DIV/0!
A8: 6 | B8: Elongation~CD @ break | C8: As per RMS | D8: % | E8: 3 | F8: 1 | G8: 500 | H8: 400 | J8: 1.33 | K8: {=INDEX(Page3!$G$9:$G$38, COLUMN(K8)-10)} -> #DIV/0! | L8: {=INDEX(Page3!$G$9:$G$38, COLUMN(L8)-10)} -> #DIV/0! | M8: {=INDEX(Page3!$G$9:$G$38, COLUMN(M8)-10)} -> #DIV/0! | N8: {=INDEX(Page3!$G$9:$G$38, COLUMN(N8)-10)} -> #DIV/0! | O8: {=INDEX(Page3!$G$9:$G$38, COLUMN(O8)-10)} -> #DIV/0! | P8: {=INDEX(Page3!$G$9:$G$38, COLUMN(P8)-10)} -> #DIV/0! | Q8: {=INDEX(Page3!$G$9:$G$38, COLUMN(Q8)-10)} -> #DIV/0! | R8: {=INDEX(Page3!$G$9:$G$38, COLUMN(R8)-10)} -> #DIV/0! | ... AN8: {=INDEX(Page3!$G$9:$G$38, COLUMN(AN8)-10)} -> #DIV/0! | AO8: =AVERAGE(K8:AN8) -> #DIV/0! | AP8: =STDEV(K8:AN8) -> #DIV/0! | AQ8: =(AO8-H8)/(3*AP8) -> #DIV/0! | AR8: =MIN(K8:AN8) -> #DIV/0! | AS8: =MAX(K8:AN8) -> #DIV/0! | AT8: =IF(AQ8>=1.33,"Pass","Fail") -> #DIV/0!
A9: 7 | B9: Elongation~MD @ break | C9: As per RMS | D9: % | E9: 3 | F9: 1 | G9: 450 | H9: 350 | J9: 1.33 | K9: {=INDEX(Page2!$G$9:$G$38, COLUMN(K9)-10)} -> #DIV/0! | L9: {=INDEX(Page2!$G$9:$G$38, COLUMN(L9)-10)} -> #DIV/0! | M9: {=INDEX(Page2!$G$9:$G$38, COLUMN(M9)-10)} -> #DIV/0! | N9: {=INDEX(Page2!$G$9:$G$38, COLUMN(N9)-10)} -> #DIV/0! | O9: {=INDEX(Page2!$G$9:$G$38, COLUMN(O9)-10)} -> #DIV/0! | P9: {=INDEX(Page2!$G$9:$G$38, COLUMN(P9)-10)} -> #DIV/0! | Q9: {=INDEX(Page2!$G$9:$G$38, COLUMN(Q9)-10)} -> #DIV/0! | R9: {=INDEX(Page2!$G$9:$G$38, COLUMN(R9)-10)} -> #DIV/0! | ... AN9: {=INDEX(Page2!$G$9:$G$38, COLUMN(AN9)-10)} -> #DIV/0! | AO9: =AVERAGE(K9:AN9) -> #DIV/0! | AP9: =STDEV(K9:AN9) -> #DIV/0! | AQ9: =(AO9-H9)/(3*AP9) -> #DIV/0! | AR9: =MIN(K9:AN9) -> #DIV/0! | AS9: =MAX(K9:AN9) -> #DIV/0! | AT9: =IF(AQ9>=1.33,"Pass","Fail") -> #DIV/0!
A10: 8 | B10: Tensile strength-MD (Load @Break) | C10: As per RMS | D10: N | E10: 3 | F10: 0.1 | G10: 12.0 | H10: 9.0 | J10: 1.33 | K10: {=INDEX(Page2!$K$9:$K$38, COLUMN(K10)-10)} -> #DIV/0! | L10: {=INDEX(Page2!$K$9:$K$38, COLUMN(L10)-10)} -> #DIV/0! | M10: {=INDEX(Page2!$K$9:$K$38, COLUMN(M10)-10)} -> #DIV/0! | N10: {=INDEX(Page2!$K$9:$K$38, COLUMN(N10)-10)} -> #DIV/0! | O10: {=INDEX(Page2!$K$9:$K$38, COLUMN(O10)-10)} -> #DIV/0! | P10: {=INDEX(Page2!$K$9:$K$38, COLUMN(P10)-10)} -> #DIV/0! | Q10: {=INDEX(Page2!$K$9:$K$38, COLUMN(Q10)-10)} -> #DIV/0! | R10: {=INDEX(Page2!$K$9:$K$38, COLUMN(R10)-10)} -> #DIV/0! | ... AN10: {=INDEX(Page2!$K$9:$K$38, COLUMN(AN10)-10)} -> #DIV/0! | AO10: =AVERAGE(K10:AN10) -> #DIV/0! | AP10: =STDEV(K10:AN10) -> #DIV/0! | AQ10: =(AO10-H10)/(3*AP10) -> #DIV/0! | AR10: =MIN(K10:AN10) -> #DIV/0! | AS10: =MAX(K10:AN10) -> #DIV/0! | AT10: =IF(AQ10>=1.33,"Pass","Fail") -> #DIV/0!
A11: 9 | B11: Tensile strength-CD (Load @Break) | C11: As per RMS | D11: N | E11: 3 | F11: 0.1 | G11: 9.0 | H11: 6.0 | J11: 1.33 | K11: {=INDEX(Page3!$K$9:$K$38, COLUMN(K11)-10)} -> #DIV/0! | L11: {=INDEX(Page3!$K$9:$K$38, COLUMN(L11)-10)} -> #DIV/0! | M11: {=INDEX(Page3!$K$9:$K$38, COLUMN(M11)-10)} -> #DIV/0! | N11: {=INDEX(Page3!$K$9:$K$38, COLUMN(N11)-10)} -> #DIV/0! | O11: {=INDEX(Page3!$K$9:$K$38, COLUMN(O11)-10)} -> #DIV/0! | P11: {=INDEX(Page3!$K$9:$K$38, COLUMN(P11)-10)} -> #DIV/0! | Q11: {=INDEX(Page3!$K$9:$K$38, COLUMN(Q11)-10)} -> #DIV/0! | R11: {=INDEX(Page3!$K$9:$K$38, COLUMN(R11)-10)} -> #DIV/0! | ... AN11: {=INDEX(Page3!$K$9:$K$38, COLUMN(AN11)-10)} -> #DIV/0! | AO11: =AVERAGE(K11:AN11) -> #DIV/0! | AP11: =STDEV(K11:AN11) -> #DIV/0! | AQ11: =(AO11-H11)/(3*AP11) -> #DIV/0! | AR11: =MIN(K11:AN11) -> #DIV/0! | AS11: =MAX(K11:AN11) -> #DIV/0! | AT11: =IF(AQ11>=1.33,"Pass","Fail") -> #DIV/0!
A12: 10 | B12: Tensile strength-MD (5% Elongation) | C12: As per RMS | D12: N | E12: 3 | F12: 0.1 | G12: 4.0 | H12: 2.5 | I12: 5.5 | J12: 1.33 | K12: {=INDEX(Page2!$O$9:$O$38, COLUMN(K12)-10)} -> #DIV/0! | L12: {=INDEX(Page2!$O$9:$O$38, COLUMN(L12)-10)} -> #DIV/0! | M12: {=INDEX(Page2!$O$9:$O$38, COLUMN(M12)-10)} -> #DIV/0! | N12: {=INDEX(Page2!$O$9:$O$38, COLUMN(N12)-10)} -> #DIV/0! | O12: {=INDEX(Page2!$O$9:$O$38, COLUMN(O12)-10)} -> #DIV/0! | P12: {=INDEX(Page2!$O$9:$O$38, COLUMN(P12)-10)} -> #DIV/0! | Q12: {=INDEX(Page2!$O$9:$O$38, COLUMN(Q12)-10)} -> #DIV/0! | R12: {=INDEX(Page2!$O$9:$O$38, COLUMN(R12)-10)} -> #DIV/0! | ... AN12: {=INDEX(Page2!$O$9:$O$38, COLUMN(AN12)-10)} -> #DIV/0! | AO12: =AVERAGE(K12:AN12) -> #DIV/0! | AP12: =STDEV(K12:AN12) -> #DIV/0! | AQ12: =MIN((AO12-H12)/(3*AP12), (I12-AO12)/(3*AP12)) -> #DIV/0! | AR12: =MIN(K12:AN12) -> #DIV/0! | AS12: =MAX(K12:AN12) -> #DIV/0! | AT12: =IF(AQ12>=1.33,"Pass","Fail") -> #DIV/0!
A13: 11 | B13: Thickness | C13: As per RMS | D13: mm | E13: 1 | F13: 0.001 | G13: 0.030 | H13: 0.025 | I13: 0.035 | J13: OBS 0 | K13: {=INDEX(Page1!$F$8:$F$37, COLUMN(K13)-10)} -> 0 | L13: {=INDEX(Page1!$F$8:$F$37, COLUMN(L13)-10)} -> 0 | M13: {=INDEX(Page1!$F$8:$F$37, COLUMN(M13)-10)} -> 0 | N13: {=INDEX(Page1!$F$8:$F$37, COLUMN(N13)-10)} -> 0 | O13: {=INDEX(Page1!$F$8:$F$37, COLUMN(O13)-10)} -> 0 | P13: {=INDEX(Page1!$F$8:$F$37, COLUMN(P13)-10)} -> 0 | Q13: {=INDEX(Page1!$F$8:$F$37, COLUMN(Q13)-10)} -> 0 | R13: {=INDEX(Page1!$F$8:$F$37, COLUMN(R13)-10)} -> 0 | ... AN13: {=INDEX(Page1!$F$8:$F$37, COLUMN(AN13)-10)} -> 0 | AO13: =AVERAGE(K13:AN13) -> 0 | AP13: =STDEV(K13:AN13) -> 0 | AQ13: =MIN((AO13-H13)/(3*AP13), (I13-AO13)/(3*AP13)) -> #DIV/0! | AR13: =MIN(K13:AN13) -> 0 | AS13: =MAX(K13:AN13) -> 0 | AT13: =IF(AQ13>=1.33,"Pass","Fail") -> #DIV/0!
A14: 12 | B14: Modulus-MD @2% Strain fresh | C14: As per RMS | D14: N / cm | E14: 3 | F14: 0.1 | G14: 30 | H14: 20 | I14: 40 | J14: OBS 0 | K14: {=INDEX(Page3!$O$9:$O$38, COLUMN(K14)-10)} -> #DIV/0! | L14: {=INDEX(Page3!$O$9:$O$38, COLUMN(L14)-10)} -> #DIV/0! | M14: {=INDEX(Page3!$O$9:$O$38, COLUMN(M14)-10)} -> #DIV/0! | N14: {=INDEX(Page3!$O$9:$O$38, COLUMN(N14)-10)} -> #DIV/0! | O14: {=INDEX(Page3!$O$9:$O$38, COLUMN(O14)-10)} -> #DIV/0! | P14: {=INDEX(Page3!$O$9:$O$38, COLUMN(P14)-10)} -> #DIV/0! | Q14: {=INDEX(Page3!$O$9:$O$38, COLUMN(Q14)-10)} -> #DIV/0! | R14: {=INDEX(Page3!$O$9:$O$38, COLUMN(R14)-10)} -> #DIV/0! | ... AN14: {=INDEX(Page3!$O$9:$O$38, COLUMN(AN14)-10)} -> #DIV/0! | AO14: =AVERAGE(K14:AN14) -> #DIV/0! | AP14: =STDEV(K14:AN14) -> #DIV/0! | AQ14: =MIN((AO14-H14)/(3*AP14), (I14-AO14)/(3*AP14)) -> #DIV/0! | AR14: =MIN(K14:AN14) -> #DIV/0! | AS14: =MAX(K14:AN14) -> #DIV/0! | AT14: =IF(AQ14>=1.33,"Pass","Fail") -> #DIV/0!
A15: 13 | B15: COF fresh A-side to A side | C15: As per RMS | E15: 1 | F15: 0.01 | G15: 0.40 | H15: 0.20 | I15: 0.60 | J15: 1.33 | K15: {=INDEX(Page1!$J$8:$J$37, COLUMN(K15)-10)} -> 0 | L15: {=INDEX(Page1!$J$8:$J$37, COLUMN(L15)-10)} -> 0 | M15: {=INDEX(Page1!$J$8:$J$37, COLUMN(M15)-10)} -> 0 | N15: {=INDEX(Page1!$J$8:$J$37, COLUMN(N15)-10)} -> 0 | O15: {=INDEX(Page1!$J$8:$J$37, COLUMN(O15)-10)} -> 0 | P15: {=INDEX(Page1!$J$8:$J$37, COLUMN(P15)-10)} -> 0 | Q15: {=INDEX(Page1!$J$8:$J$37, COLUMN(Q15)-10)} -> 0 | R15: {=INDEX(Page1!$J$8:$J$37, COLUMN(R15)-10)} -> 0 | ... AN15: {=INDEX(Page1!$J$8:$J$37, COLUMN(AN15)-10)} -> 0 | AO15: =AVERAGE(K15:AN15) -> 0 | AP15: =STDEV(K15:AN15) -> 0 | AQ15: =MIN((AO15-H15)/(3*AP15), (I15-AO15)/(3*AP15)) -> #DIV/0! | AR15: =MIN(K15:AN15) -> 0 | AS15: =MAX(K15:AN15) -> 0 | AT15: =IF(AQ15>=1.33,"Pass","Fail") -> #DIV/0!
A16: 14 | B16: Delta E(Printed Film-1 layer) | C16: As per RMS | D16: Color units - Delta E | E16: 1 | F16: 0.01 | G16: 0.00 | I16: 4.00 | J16: OBS 0 | K16: {=INDEX(Page1!$O$8:$O$37, COLUMN(K16)-10)} -> 0 | L16: {=INDEX(Page1!$O$8:$O$37, COLUMN(L16)-10)} -> 0 | M16: {=INDEX(Page1!$O$8:$O$37, COLUMN(M16)-10)} -> 0 | N16: {=INDEX(Page1!$O$8:$O$37, COLUMN(N16)-10)} -> 0 | O16: {=INDEX(Page1!$O$8:$O$37, COLUMN(O16)-10)} -> 0 | P16: {=INDEX(Page1!$O$8:$O$37, COLUMN(P16)-10)} -> 0 | Q16: {=INDEX(Page1!$O$8:$O$37, COLUMN(Q16)-10)} -> 0 | R16: {=INDEX(Page1!$O$8:$O$37, COLUMN(R16)-10)} -> 0 | ... AN16: {=INDEX(Page1!$O$8:$O$37, COLUMN(AN16)-10)} -> 0 | AO16: =AVERAGE(K16:AN16) -> 0 | AP16: =STDEV(K16:AN16) -> 0 | AQ16: =(I16-AO16)/(3*AP16) -> #DIV/0! | AR16: =MIN(K16:AN16) -> 0 | AS16: =MAX(K16:AN16) -> 0 | AT16: =IF(AQ16>=1.33,"Pass","Fail") -> #DIV/0!
