Workbook

Sheet Page1
A1: SWANSON PLASTICS (INDIA) PVT. LTD. | L1: FQP-QC02-04
A2: Film Inspection Form | L2: Eff. Date: 01/08/2017
K3: Ref:
A4: Product Code: | E4: Prod. Order | G4: Machine | J4: Production Date
A5: Specification: | E5: PO | G5: Quantity | J5: Inspection Date
A6: Testing Equipment Identification number
A7: Sample No. | D7: Basic Weight (L-15.70 T-18.00 U-20.30) GSM | E7: COF-Kinetic(R-R) (L-0.30 T-0.40 U-0.50) | F7: COF-Kinetic(R-S) (L-0.10 T-0.20 U-0.35) | G7: Opacity ( L-57.0 T-60.0 U-63.0) % | H7: Modulus-MD-web@ 2% (L-18.2 T-24.7 U-31.2) N/cm | L7: Gloss Level (Gloss Unit) (T-7.0 U-10.0)
H8: 1 | I8: 2 | J8: 3 | K8: Avg
K9: =AVERAGE(H9:J9) -> #DIV/0!
K10: =AVERAGE(H10:J10) -> #DIV/0!
K11: =AVERAGE(H11:J11) -> #DIV/0!
K12: =AVERAGE(H12:J12) -> #DIV/0!
K13: =AVERAGE(H13:J13) -> #DIV/0!
K14: =AVERAGE(H14:J14) -> #DIV/0!
K15: =AVERAGE(H15:J15) -> #DIV/0!
K16: =AVERAGE(H16:J16) -> #DIV/0!
K17: =AVERAGE(H17:J17) -> #DIV/0!
K18: =AVERAGE(H18:J18) -> #DIV/0!
K19: =AVERAGE(H19:J19) -> #DIV/0!
K20: =AVERAGE(H20:J20) -> #DIV/0!
... K38: =AVERAGE(H38:J38) -> #DIV/0!
A39: Average | D39: =AVERAGE(D9:D38) -> #DIV/0! | E39: =AVERAGE(E9:E38) -> #DIV/0! | F39: =AVERAGE(F9:F38) -> #DIV/0! | G39: =AVERAGE(G9:G38) -> #DIV/0! | H39: =AVERAGE(K9:K38) -> #DIV/0! | L39: =AVERAGE(L9:L38) -> #DIV/0!
A40: Minimum | D40: =MIN(D9:D38) -> 0 | E40: =MIN(E9:E38) -> 0 | F40: =MIN(F9:F38) -> 0 | G40: =MIN(G9:G38) -> 0 | H40: =MIN(K9:K38) -> #DIV/0! | L40: =MIN(L9:L38) -> 0
A41: Maximum | D41: =MAX(D9:D38) -> 0 | E41: =MAX(E9:E38) -> 0 | F41: =MAX(F9:F38) -> 0 | G41: =MAX(G9:G38) -> 0 | H41: =MAX(K9:K38) -> #DIV/0! | L41: =MAX(L9:L38) -> 0
A42: Inspected by: | D42: (QC Inspector) | G42: Verified by: | L42: (QC HOD)
A44: Distribution: Department Concerned | E44: Reference: | F44: MRMP:99508624.005 GCAS: 96977186.005
A45: Retention Period: 5 years | J45: Page No 1 of 2

Sheet Page2
A1: SWANSON PLASTICS (INDIA) PVT. LTD. | K1: FQP-QC02-04
A2: Film Inspection Form | K2: Eff. Date: 01/08/2017
J3: Ref:
A4: Product Code: | C4: =Page1!C4 -> 0 | E4: Prod. Order | F4: =Page1!F4 -> 0 | G4: Machine | H4: =Page1!H4 -> 0 | I4: Production Date | J4: =Page1!L4 -> 0
A5: Specification: | C5: =Page1!C5 -> 0 | E5: PO | F5: =Page1!F5 -> 0 | G5: Quantity | H5: =Page1!H5 | I5: Inspection Date | J5: =Page1!L5 -> 0
A6: Testing Equipment Identification number | D6: UTM-IN-01-06A-0001 | H6: STM-IN-01-06A-0001
A7: Sample No. | D7: Force-elongation-MD@5% (L-1.77 T-2.77) N | E7: Force~Tensile Strength-MD~peak (L-9.07 T-12.57) N | F7: Force-elongation-CD@5% (L-1.49 T-2.49) N | G7: Force~Tensile Strength-CD~peak (L-6.13 T-9.63) N | H7: Colour L (Colour units-H) (L-91.5 T-95.5 U-99.5) | I7: Colour A (Colour units-H) (L-(-4.4) T-(-0.4) U-(3.6)) | J7: Colour B (Colour units-H) (L-(-4.5) T-(-0.5) U-(3.5)) | K7: Delta E (Colour Units-Delta E) (T-0.00 U-5.00)
A8: =Page1!A9 -> 0 | B8: =Page1!B9 -> 0 | C8: =Page1!C9 -> 0
A9: =Page1!A10 -> 0 | B9: =Page1!B10 -> 0 | C9: =Page1!C10 -> 0
A10: =Page1!A11 -> 0 | B10: =Page1!B11 -> 0 | C10: =Page1!C11 -> 0
A11: =Page1!A12 -> 0 | B11: =Page1!B12 -> 0 | C11: =Page1!C12 -> 0
A12: =Page1!A13 -> 0 | B12: =Page1!B13 -> 0 | C12: =Page1!C13 -> 0
A13: =Page1!A14 -> 0 | B13: =Page1!B14 -> 0 | C13: =Page1!C14 -> 0
A14: =Page1!A15 -> 0 | B14: =Page1!B15 -> 0 | C14: =Page1!C15 -> 0
A15: =Page1!A16 -> 0 | B15: =Page1!B16 -> 0 | C15: =Page1!C16 -> 0
A16: =Page1!A17 -> 0 | B16: =Page1!B17 -> 0 | C16: =Page1!C17 -> 0
A17: =Page1!A18 -> 0 | B17: =Page1!B18 -> 0 | C17: =Page1!C18 -> 0
A18: =Page1!A19 -> 0 | B18: =Page1!B19 -> 0 | C18: =Page1!C19 -> 0
A19: =Page1!A20 -> 0 | B19: =Page1!B20 -> 0 | C19: =Page1!C20 -> 0
... A37: =Page1!A38 -> 0 | B37: =Page1!B38 -> 0 | C37: =Page1!C38 -> 0
A38: Average | D38: =AVERAGE(D8:D37) -> #DIV/0! | E38: =AVERAGE(E8:E37) -> #DIV/0! | F38: =AVERAGE(F8:F37) -> #DIV/0! | G38: =AVERAGE(G8:G37) -> #DIV/0! | H38: =AVERAGE(H8:H37) -> #DIV/0! | I38: =AVERAGE(I8:I37) -> #DIV/0! | J38: =AVERAGE(J8:J37) -> #DIV/0! | K38: =AVERAGE(K8:K37) -> #DIV/0!
A39: Minimum | D39: =MIN(D8:D37) -> 0 | E39: =MIN(E8:E37) -> 0 | F39: =MIN(F8:F37) -> 0 | G39: =MIN(G8:G37) -> 0 | H39: =MIN(H8:H37) -> 0 | I39: =MIN(I8:I37) -> 0 | J39: =MIN(J8:J37) -> 0 | K39: =MIN(K8:K37) -> 0
A40: Maximum | D40: =MAX(D8:D37) -> 0 | E40: =MAX(E8:E37) -> 0 | F40: =MAX(F8:F37) -> 0 | G40: =MAX(G8:G37) -> 0 | H40: =MAX(H8:H37) -> 0 | I40: =MAX(I8:I37) -> 0 | J40: =MAX(J8:J37) -> 0 | K40: =MAX(K8:K37) -> 0
A41: Inspected by: | D41: (QC Inspector) | G41: Verified by: | K41: (QC HOD)
A43: Distribution: Department Concerned | E43: Reference: | F43: MRMP:99508624.005 GCAS: 96977186.005
A44: Retention Period: 5 years | J44: Page No 2 of 2

Sheet 96977186.005_00_COA
C1: Test Name - (O) - Optional, (RRG#) - Reference Part Report Group #, (MRG#) - Master Part Report Group #: | D1: Basis Weight~~. | E1: Force ~ Elongation~~MD | F1: Force ~ Elongation~~CD | G1: Force ~ Tensile Strength~~MD ~ Peak | H1: Force ~ Tensile Strength~~CD ~ Peak | I1: Modulus~~Web ~ MD at 2 Percent | J1: Phys Chem ~ Coef of Friction ~ Kinetic~~. | K1: Phys Chem ~ Coef of Friction ~ Kinetic~~. | L1: Record Review~~Laboratory Review
A2: Date | B2: Time | C2: Ref | D2: 99508624.005.1 | E2: 99508624.005.6 | F2: 99508624.005.7 | G2: 99508624.005.8 | H2: 99508624.005.9 | I2: 99508624.005.12 | J2: 99508624.005.14 | K2: 99508624.005.15 | L2: 99508624.005.20
B3: =Page1!C9 -> 0 | D3: =Page1!D9 -> 0 | E3: =Page2!D8 -> 0 | F3: =Page2!F8 -> 0 | G3: =Page2!E8 -> 0 | H3: =Page2!G8 -> 0 | I3: =Page1!K9 -> #DIV/0! | J3: =Page1!E9 -> 0 | K3: =Page1!F9 -> 0 | L3: 0
B4: =Page1!C10 -> 0 | D4: =Page1!D10 -> 0 | E4: =Page2!D9 -> 0 | F4: =Page2!F9 -> 0 | G4: =Page2!E9 -> 0 | H4: =Page2!G9 -> 0 | I4: =Page1!K10 -> #DIV/0! | J4: =Page1!E10 -> 0 | K4: =Page1!F10 -> 0 | L4: =L3 -> 0
B5: =Page1!C11 -> 0 | D5: =Page1!D11 -> 0 | E5: =Page2!D10 -> 0 | F5: =Page2!F10 -> 0 | G5: =Page2!E10 -> 0 | H5: =Page2!G10 -> 0 | I5: =Page1!K11 -> #DIV/0! | J5: =Page1!E11 -> 0 | K5: =Page1!F11 -> 0 | L5: =L3 -> 0
B6: =Page1!C12 -> 0 | D6: =Page1!D12 -> 0 | E6: =Page2!D11 -> 0 | F6: =Page2!F11 -> 0 | G6: =Page2!E11 -> 0 | H6: =Page2!G11 -> 0 | I6: =Page1!K12 -> #DIV/0! | J6: =Page1!E12 -> 0 | K6: =Page1!F12 -> 0 | L6: =L3 -> 0
B7: =Page1!C13 -> 0 | D7: =Page1!D13 -> 0 | E7: =Page2!D12 -> 0 | F7: =Page2!F12 -> 0 | G7: =Page2!E12 -> 0 | H7: =Page2!G12 -> 0 | I7: =Page1!K13 -> #DIV/0! | J7: =Page1!E13 -> 0 | K7: =Page1!F13 -> 0 | L7: =L3 -> 0
B8: =Page1!C14 -> 0 | D8: =Page1!D14 -> 0 | E8: =Page2!D13 -> 0 | F8: =Page2!F13 -> 0 | G8: =Page2!E13 -> 0 | H8: =Page2!G13 -> 0 | I8: =Page1!K14 -> #DIV/0! | J8: =Page1!E14 -> 0 | K8: =Page1!F14 -> 0 | L8: =L3 -> 0
B9: =Page1!C15 -> 0 | D9: =Page1!D15 -> 0 | E9: =Page2!D14 -> 0 | F9: =Page2!F14 -> 0 | G9: =Page2!E14 -> 0 | H9: =Page2!G14 -> 0 | I9: =Page1!K15 -> #DIV/0! | J9: =Page1!E15 -> 0 | K9: =Page1!F15 -> 0 | L9: =L3 -> 0
B10: =Page1!C16 -> 0 | D10: =Page1!D16 -> 0 | E10: =Page2!D15 -> 0 | F10: =Page2!F15 -> 0 | G10: =Page2!E15 -> 0 | H10: =Page2!G15 -> 0 | I10: =Page1!K16 -> #DIV/0! | J10: =Page1!E16 -> 0 | K10: =Page1!F16 -> 0 | L10: =L3 -> 0
B11: =Page1!C17 -> 0 | D11: =Page1!D17 -> 0 | E11: =Page2!D16 -> 0 | F11: =Page2!F16 -> 0 | G11: =Page2!E16 -> 0 | H11: =Page2!G16 -> 0 | I11: =Page1!K17 -> #DIV/0! | J11: =Page1!E17 -> 0 | K11: =Page1!F17 -> 0 | L11: =L3 -> 0
B12: =Page1!C18 -> 0 | D12: =Page1!D18 -> 0 | E12: =Page2!D17 -> 0 | F12: =Page2!F17 -> 0 | G12: =Page2!E17 -> 0 | H12: =Page2!G17 -> 0 | I12: =Page1!K18 -> #DIV/0! | J12: =Page1!E18 -> 0 | K12: =Page1!F18 -> 0 | L12: =L3 -> 0
B13: =Page1!C19 -> 0 | D13: =Page1!D19 -> 0 | E13: =Page2!D18 -> 0 | F13: =Page2!F18 -> 0 | G13: =Page2!E18 -> 0 | H13: =Page2!G18 -> 0 | I13: =Page1!K19 -> #DIV/0! | J13: =Page1!E19 -> 0 | K13: =Page1!F19 -> 0 | L13: =L3 -> 0
B14: =Page1!C20 -> 0 | D14: =Page1!D20 -> 0 | E14: =Page2!D19 -> 0 | F14: =Page2!F19 -> 0 | G14: =Page2!E19 -> 0 | H14: =Page2!G19 -> 0 | I14: =Page1!K20 -> #DIV/0! | J14: =Page1!E20 -> 0 | K14: =Page1!F20 -> 0 | L14: =L3 -> 0
B15: =Page1!C21 -> 0 | D15: =Page1!D21 -> 0 | E15: =Page2!D20 -> 0 | F15: =Page2!F20 -> 0 | G15: =Page2!E20 -> 0 | H15: =Page2!G20 -> 0 | I15: =Page1!K21 -> #DIV/0! | J15: =Page1!E21 -> 0 | K15: =Page1!F21 -> 0 | L15: =L3 -> 0
B16: =Page1!C22 -> 0 | D16: =Page1!D22 -> 0 | E16: =Page2!D21 -> 0 | F16: =Page2!F21 -> 0 | G16: =Page2!E21 -> 0 | H16: =Page2!G21 -> 0 | I16: =Page1!K22 -> #DIV/0! | J16: =Page1!E22 -> 0 | K16: =Page1!F22 -> 0 | L16: =L3 -> 0
B17: =Page1!C23 -> 0 | D17: =Page1!D23 -> 0 | E17: =Page2!D22 -> 0 | F17: =Page2!F22 -> 0 | G17: =Page2!E22 -> 0 | H17: =Page2!G22 -> 0 | I17: =Page1!K23 -> #DIV/0! | J17: =Page1!E23 -> 0 | K17: =Page1!F23 -> 0 | L17: =L3 -> 0
B18: =Page1!C24 -> 0 | D18: =Page1!D24 -> 0 | E18: =Page2!D23 -> 0 | F18: =Page2!F23 -> 0 | G18: =Page2!E23 -> 0 | H18: =Page2!G23 -> 0 | I18: =Page1!K24 -> #DIV/0! | J18: =Page1!E24 -> 0 | K18: =Page1!F24 -> 0 | L18: =L3 -> 0
B19: =Page1!C25 -> 0 | D19: =Page1!D25 -> 0 | E19: =Page2!D24 -> 0 | F19: =Page2!F24 -> 0 | G19: =Page2!E24 -> 0 | H19: =Page2!G24 -> 0 | I19: =Page1!K25 -> #DIV/0! | J19: =Page1!E25 -> 0 | K19: =Page1!F25 -> 0 | L19: =L3 -> 0
B20: =Page1!C26 -> 0 | D20: =Page1!D26 -> 0 | E20: =Page2!D25 -> 0 | F20: =Page2!F25 -> 0 | G20: =Page2!E25 -> 0 | H20: =Page2!G25 -> 0 | I20: =Page1!K26 -> #DIV/0! | J20: =Page1!E26 -> 0 | K20: =Page1!F26 -> 0 | L20: =L3 -> 0
B21: =Page1!C27 -> 0 | D21: =Page1!D27 -> 0 | E21: =Page2!D26 -> 0 | F21: =Page2!F26 -> 0 | G21: =Page2!E26 -> 0 | H21: =Page2!G26 -> 0 | I21: =Page1!K27 -> #DIV/0! | J21: =Page1!E27 -> 0 | K21: =Page1!F27 -> 0 | L21: =L3 -> 0
B22: =Page1!C28 -> 0 | D22: =Page1!D28 -> 0 | E22: =Page2!D27 -> 0 | F22: =Page2!F27 -> 0 | G22: =Page2!E27 -> 0 | H22: =Page2!G27 -> 0 | I22: =Page1!K28 -> #DIV/0! | J22: =Page1!E28 -> 0 | K22: =Page1!F28 -> 0 | L22: =L3 -> 0
B23: =Page1!C29 -> 0 | D23: =Page1!D29 -> 0 | E23: =Page2!D28 -> 0 | F23: =Page2!F28 -> 0 | G23: =Page2!E28 -> 0 | H23: =Page2!G28 -> 0 | I23: =Page1!K29 -> #DIV/0! | J23: =Page1!E29 -> 0 | K23: =Page1!F29 -> 0 | L23: =L3 -> 0
B24: =Page1!C30 -> 0 | D24: =Page1!D30 -> 0 | E24: =Page2!D29 -> 0 | F24: =Page2!F29 -> 0 | G24: =Page2!E29 -> 0 | H24: =Page2!G29 -> 0 | I24: =Page1!K30 -> #DIV/0! | J24: =Page1!E30 -> 0 | K24: =Page1!F30 -> 0 | L24: =L3 -> 0
B25: =Page1!C31 -> 0 | D25: =Page1!D31 -> 0 | E25: =Page2!D30 -> 0 | F25: =Page2!F30 -> 0 | G25: =Page2!E30 -> 0 | H25: =Page2!G30 -> 0 | I25: =Page1!K31 -> #DIV/0! | J25: =Page1!E31 -> 0 | K25: =Page1!F31 -> 0 | L25: =L3 -> 0
B26: =Page1!C32 -> 0 | D26: =Page1!D32 -> 0 | E26: =Page2!D31 -> 0 | F26: =Page2!F31 -> 0 | G26: =Page2!E31 -> 0 | H26: =Page2!G31 -> 0 | I26: =Page1!K32 -> #DIV/0! | J26: =Page1!E32 -> 0 | K26: =Page1!F32 -> 0 | L26: =L3 -> 0
B27: =Page1!C33 -> 0 | D27: =Page1!D33 -> 0 | E27: =Page2!D32 -> 0 | F27: =Page2!F32 -> 0 | G27: =Page2!E32 -> 0 | H27: =Page2!G32 -> 0 | I27: =Page1!K33 -> #DIV/0! | J27: =Page1!E33 -> 0 | K27: =Page1!F33 -> 0 | L27: =L3 -> 0
B28: =Page1!C34 -> 0 | D28: =Page1!D34 -> 0 | E28: =Page2!D33 -> 0 | F28: =Page2!F33 -> 0 | G28: =Page2!E33 -> 0 | H28: =Page2!G33 -> 0 | I28: =Page1!K34 -> #DIV/0! | J28: =Page1!E34 -> 0 | K28: =Page1!F34 -> 0 | L28: =L3 -> 0
B29: =Page1!C35 -> 0 | D29: =Page1!D35 -> 0 | E29: =Page2!D34 -> 0 | F29: =Page2!F34 -> 0 | G29: =Page2!E34 -> 0 | H29: =Page2!G34 -> 0 | I29: =Page1!K35 -> #DIV/0! | J29: =Page1!E35 -> 0 | K29: =Page1!F35 -> 0 | L29: =L3 -> 0
B30: =Page1!C36 -> 0 | D30: =Page1!D36 -> 0 | E30: =Page2!D35 -> 0 | F30: =Page2!F35 -> 0 | G30: =Page2!E35 -> 0 | H30: =Page2!G35 -> 0 | I30: =Page1!K36 -> #DIV/0! | J30: =Page1!E36 -> 0 | K30: =Page1!F36 -> 0 | L30: =L3 -> 0
B31: =Page1!C37 -> 0 | D31: =Page1!D37 -> 0 | E31: =Page2!D36 -> 0 | F31: =Page2!F36 -> 0 | G31: =Page2!E36 -> 0 | H31: =Page2!G36 -> 0 | I31: =Page1!K37 -> #DIV/0! | J31: =Page1!E37 -> 0 | K31: =Page1!F37 -> 0 | L31: =L3 -> 0
B32: =Page1!C38 -> 0 | D32: =Page1!D38 -> 0 | E32: =Page2!D37 -> 0 | F32: =Page2!F37 -> 0 | G32: =Page2!E37 -> 0 | H32: =Page2!G37 -> 0 | I32: =Page1!K38 -> #DIV/0! | J32: =Page1!E38 -> 0 | K32: =Page1!F38 -> 0 | L32: =L3 -> 0

Sheet Cpk
A2: Sr. No. | B2: Requirement | C2: Test Method | D2: Units | E2: Sub group | F2: Report To | G2: Target | H2: LSL | I2: USL | J2: RC | K2: 1 | L2: 2 | M2: 3 | N2: 4 | O2: 5 | P2: 6 | Q2: 7 | R2: 8 | S2: 9 | T2: 10 | U2: 11 | V2: 12 | W2: 13 | X2: 14 | Y2: 15 | Z2: 16 | AA2: 17 | AB2: 18 | AC2: 19 | AD2: 20 | AE2: 21 | AF2: 22 | AG2: 23 | AH2: 24 | AI2: 25 | AJ2: 26 | AK2: 27 | AL2: 28 | AM2: 29 | AN2: 30 | AO2: Average | AP2: STDEV | AQ2: Cpk | AR2: Min | AS2: Max | AT2: Pass/Fail
A3: 1 | B3: Basis weight | C3: As per RMS | D3: GSM | E3: 1 | F3: 0.01 | G3: 18.00 | H3: 15.70 | I3: 20.30 | J3: 1.33 | K3: {=INDEX(Page1!$D$9:$D$38, COLUMN(K3)-10)} -> 0 | L3: {=INDEX(Page1!$D$9:$D$38, COLUMN(L3)-10)} -> 0 | M3: {=INDEX(Page1!$D$9:$D$38, COLUMN(M3)-10)} -> 0 | N3: {=INDEX(Page1!$D$9:$D$38, COLUMN(N3)-10)} -> 0 | O3: {=INDEX(Page1!$D$9:$D$38, COLUMN(O3)-10)} -> 0 | P3: {=INDEX(Page1!$D$9:$D$38, COLUMN(P3)-10)} -> 0 | Q3: {=INDEX(Page1!$D$9:$D$38, COLUMN(Q3)-10)} -> 0 | R3: {=INDEX(Page1!$D$9:$D$38, COLUMN(R3)-10)} -> 0 | ... AN3: {=INDEX(Page1!$D$9:$D$38, COLUMN(AN3)-10)} -> 0 | AO3: =AVERAGE(K3:AN3) -> 0 | AP3: =STDEV(K3:AN3) -> 0 | AQ3: =MIN((AO3-H3)/(3*AP3), (I3-AO3)/(3*AP3)) -> #DIV/0! | AR3: =MIN(K3:AN3) -> 0 | AS3: =MAX(K3:AN3) -> 0 | AT3: =IF(AQ3>=1.33,"Pass","Fail") -> #DIV/0!
A4: 2 | B4: COF-Kinetic(R-R) | C4: As per RMS | D4: N | E4: 1 | F4: 0.01 | G4: 0.40 | H4: 0.30 | I4: 0.50 | J4: 1.00 | K4: {=INDEX(Page1!$E$9:$E$38, COLUMN(K4)-10)} -> 0 | L4: {=INDEX(Page1!$E$9:$E$38, COLUMN(L4)-10)} -> 0 | M4: {=INDEX(Page1!$E$9:$E$38, COLUMN(M4)-10)} -> 0 | N4: {=INDEX(Page1!$E$9:$E$38, COLUMN(N4)-10)} -> 0 | O4: {=INDEX(Page1!$E$9:$E$38, COLUMN(O4)-10)} -> 0 | P4: {=INDEX(Page1!$E$9:$E$38, COLUMN(P4)-10)} -> 0 | Q4: {=INDEX(Page1!$E$9:$E$38, COLUMN(Q4)-10)} -> 0 | R4: {=INDEX(Page1!$E$9:$E$38, COLUMN(R4)-10)} -> 0 | ... AN4: {=INDEX(Page1!$E$9:$E$38, COLUMN(AN4)-10)} -> 0 | AO4: =AVERAGE(K4:AN4) -> 0 | AP4: =STDEV(K4:AN4) -> 0 | AQ4: =MIN((AO4-H4)/(3*AP4), (I4-AO4)/(3*AP4)) -> #DIV/0! | AR4: =MIN(K4:AN4) -> 0 | AS4: =MAX(K4:AN4) -> 0 | AT4: =IF(AQ4>=1,"Pass","Fail") -> #DIV/0!
A5: 3 | B5: COF-Kinetic(R-S) | C5: As per RMS | D5: N | E5: 1 | F5: 0.01 | G5: 0.20 | H5: 0.10 | I5: 0.35 | J5: 1.00 | K5: {=INDEX(Page1!$F$9:$F$38, COLUMN(K5)-10)} -> 0 | L5: {=INDEX(Page1!$F$9:$F$38, COLUMN(L5)-10)} -> 0 | M5: {=INDEX(Page1!$F$9:$F$38, COLUMN(M5)-10)} -> 0 | N5: {=INDEX(Page1!$F$9:$F$38, COLUMN(N5)-10)} -> 0 | O5: {=INDEX(Page1!$F$9:$F$38, COLUMN(O5)-10)} -> 0 | P5: {=INDEX(Page1!$F$9:$F$38, COLUMN(P5)-10)} -> 0 | Q5: {=INDEX(Page1!$F$9:$F$38, COLUMN(Q5)-10)} -> 0 | R5: {=INDEX(Page1!$F$9:$F$38, COLUMN(R5)-10)} -> 0 | ... AN5: {=INDEX(Page1!$F$9:$F$38, COLUMN(AN5)-10)} -> 0 | AO5: =AVERAGE(K5:AN5) -> 0 | AP5: =STDEV(K5:AN5) -> 0 | AQ5: =MIN((AO5-H5)/(3*AP5), (I5-AO5)/(3*AP5)) -> #DIV/0! | AR5: =MIN(K5:AN5) -> 0 | AS5: =MAX(K5:AN5) -> 0 | AT5: =IF(AQ5>=1,"Pass","Fail") -> #DIV/0!
A6: 4 | B6: Opacity | C6: As per RMS | D6: % | E6: 1 | F6: 0.1 | G6: 60.0 | H6: 57.0 | I6: 63.0 | J6: OBS 0 | K6: {=INDEX(Page1!$G$9:$G$38, COLUMN(K6)-10)} -> 0 | L6: {=INDEX(Page1!$G$9:$G$38, COLUMN(L6)-10)} -> 0 | M6: {=INDEX(Page1!$G$9:$G$38, COLUMN(M6)-10)} -> 0 | N6: {=INDEX(Page1!$G$9:$G$38, COLUMN(N6)-10)} -> 0 | O6: {=INDEX(Page1!$G$9:$G$38, COLUMN(O6)-10)} -> 0 | P6: {=INDEX(Page1!$G$9:$G$38, COLUMN(P6)-10)} -> 0 | Q6: {=INDEX(Page1!$G$9:$G$38, COLUMN(Q6)-10)} -> 0 | R6: {=INDEX(Page1!$G$9:$G$38, COLUMN(R6)-10)} -> 0 | ... AN6: {=INDEX(Page1!$G$9:$G$38, COLUMN(AN6)-10)} -> 0 | AO6: =AVERAGE(K6:AN6) -> 0 | AP6: =STDEV(K6:AN6) -> 0 | AQ6: =MIN((AO6-H6)/(3*AP6), (I6-AO6)/(3*AP6)) -> #DIV/0! | AR6: =MIN(K6:AN6) -> 0 | AS6: =MAX(K6:AN6) -> 0 | AT6: =IF(AQ6>=1.33,"Pass","Fail") -> #DIV/0!
A7: 5 | B7: Modulus-MD-web@2% | C7: As per RMS | D7: N/cm | E7: 3 | F7: 0.1 | G7: 24.7 | H7: 18.2 | I7: 31.2 | J7: 1.33 | K7: {=INDEX(Page1!$K$9:$K$38, COLUMN(K7)-10)} -> #DIV/0! | L7: {=INDEX(Page1!$K$9:$K$38, COLUMN(L7)-10)} -> #DIV/0! | M7: {=INDEX(Page1!$K$9:$K$38, COLUMN(M7)-10)} -> #DIV/0! | N7: {=INDEX(Page1!$K$9:$K$38, COLUMN(N7)-10)} -> #DIV/0! | O7: {=INDEX(Page1!$K$9:$K$38, COLUMN(O7)-10)} -> #DIV/0! | P7: {=INDEX(Page1!$K$9:$K$38, COLUMN(P7)-10)} -> #DIV/0! | Q7: {=INDEX(Page1!$K$9:$K$38, COLUMN(Q7)-10)} -> #DIV/0! | R7: {=INDEX(Page1!$K$9:$K$38, COLUMN(R7)-10)} -> #DIV/0! | ... AN7: {=INDEX(Page1!$K$9:$K$38, COLUMN(AN7)-10)} -> #DIV/0! | AO7: =AVERAGE(K7:AN7) -> #DIV/0! | AP7: =STDEV(K7:AN7) -> #DIV/0! | AQ7: =MIN((AO7-H7)/(3*AP7), (I7-AO7)/(3*AP7)) -> #DIV/0! | AR7: =MIN(K7:AN7) -> #DIV/0! | AS7: =MAX(K7:AN7) -> #DIV/0! | AT7: =IF(AQ7>=1.33,"Pass","Fail") -> #DIV/0!
A8: 6 | B8: Gloss Level | C8: As per RMS | D8: Gloss Unit | E8: 1 | F8: 0.1 | G8: 7.0 | I8: 10.0 | J8: OBS 0 | K8: {=INDEX(Page1!$L$9:$L$38, COLUMN(K8)-10)} -> 0 | L8: {=INDEX(Page1!$L$9:$L$38, COLUMN(L8)-10)} -> 0 | M8: {=INDEX(Page1!$L$9:$L$38, COLUMN(M8)-10)} -> 0 | N8: {=INDEX(Page1!$L$9:$L$38, COLUMN(N8)-10)} -> 0 | O8: {=INDEX(Page1!$L$9:$L$38, COLUMN(O8)-10)} -> 0 | P8: {=INDEX(Page1!$L$9:$L$38, COLUMN(P8)-10)} -> 0 | Q8: {=INDEX(Page1!$L$9:$L$38, COLUMN(Q8)-10)} -> 0 | R8: {=INDEX(Page1!$L$9:$L$38, COLUMN(R8)-10)} -> 0 | ... AN8: {=INDEX(Page1!$L$9:$L$38, COLUMN(AN8)-10)} -> 0 | AO8: =AVERAGE(K8:AN8) -> 0 | AP8: =STDEV(K8:AN8) -> 0 | AQ8: =(I8-AO8)/(3*AP8) -> #DIV/0! | AR8: =MIN(K8:AN8) -> 0 | AS8: =MAX(K8:AN8) -> 0 | AT8: =IF(AQ8>=1.33,"Pass","Fail") -> #DIV/0!
A9: 7 | B9: Force-elongation-MD@5% | C9: As per RMS | D9: % | E9: 1 | F9: 0.01 | G9: 2.77 | H9: 1.77 | J9: 1.33 | K9: {=INDEX(Page2!$D$9:$D$38, COLUMN(K9)-10)} -> 0 | L9: {=INDEX(Page2!$D$9:$D$38, COLUMN(L9)-10)} -> 0 | M9: {=INDEX(Page2!$D$9:$D$38, COLUMN(M9)-10)} -> 0 | N9: {=INDEX(Page2!$D$9:$D$38, COLUMN(N9)-10)} -> 0 | O9: {=INDEX(Page2!$D$9:$D$38, COLUMN(O9)-10)} -> 0 | P9: {=INDEX(Page2!$D$9:$D$38, COLUMN(P9)-10)} -> 0 | Q9: {=INDEX(Page2!$D$9:$D$38, COLUMN(Q9)-10)} -> 0 | R9: {=INDEX(Page2!$D$9:$D$38, COLUMN(R9)-10)} -> 0 | ... AN9: {=INDEX(Page2!$D$9:$D$38, COLUMN(AN9)-10)} -> #DIV/0! | AO9: =AVERAGE(K9:AN9) -> #DIV/0! | AP9: =STDEV(K9:AN9) -> #DIV/0! | AQ9: =(AO9-H9)/(3*AP9) -> #DIV/0! | AR9: =MIN(K9:AN9) -> #DIV/0! | AS9: =MAX(K9:AN9) -> #DIV/0! | AT9: =IF(AQ9>=1.33,"Pass","Fail") -> #DIV/0!
A10: 8 | B10: Force~Tensile Strength-MD~peak | C10: As per RMS | D10: N | E10: 1 | F10: 0.01 | G10: 12.57 | H10: 9.07 | J10: 1.33 | K10: {=INDEX(Page2!$E$9:$E$38, COLUMN(K10)-10)} -> 0 | L10: {=INDEX(Page2!$E$9:$E$38, COLUMN(L10)-10)} -> 0 | M10: {=INDEX(Page2!$E$9:$E$38, COLUMN(M10)-10)} -> 0 | N10: {=INDEX(Page2!$E$9:$E$38, COLUMN(N10)-10)} -> 0 | O10: {=INDEX(Page2!$E$9:$E$38, COLUMN(O10)-10)} -> 0 | P10: {=INDEX(Page2!$E$9:$E$38, COLUMN(P10)-10)} -> 0 | Q10: {=INDEX(Page2!$E$9:$E$38, COLUMN(Q10)-10)} -> 0 | R10: {=INDEX(Page2!$E$9:$E$38, COLUMN(R10)-10)} -> 0 | ... AN10: {=INDEX(Page2!$E$9:$E$38, COLUMN(AN10)-10)} -> #DIV/0! | AO10: =AVERAGE(K10:AN10) -> #DIV/0! | AP10: =STDEV(K10:AN10) -> #DIV/0! | AQ10: =(AO10-H10)/(3*AP10) -> #DIV/0! | AR10: =MIN(K10:AN10) -> #DIV/0! | AS10: =MAX(K10:AN10) -> #DIV/0! | AT10: =IF(AQ10>=1.33,"Pass","Fail") -> #DIV/0!
A11: 9 | B11: Force-elongation-CD@5% | C11: As per RMS | D11: % | E11: 1 | F11: 0.01 | G11: 2.49 | H11: 1.49 | J11: 1.33 | K11: {=INDEX(Page2!$F$9:$F$38, COLUMN(K11)-10)} -> 0 | L11: {=INDEX(Page2!$F$9:$F$38, COLUMN(L11)-10)} -> 0 | M11: {=INDEX(Page2!$F$9:$F$38, COLUMN(M11)-10)} -> 0 | N11: {=INDEX(Page2!$F$9:$F$38, COLUMN(N11)-10)} -> 0 | O11: {=INDEX(Page2!$F$9:$F$38, COLUMN(O11)-10)} -> 0 | P11: {=INDEX(Page2!$F$9:$F$38, COLUMN(P11)-10)} -> 0 | Q11: {=INDEX(Page2!$F$9:$F$38, COLUMN(Q11)-10)} -> 0 | R11: {=INDEX(Page2!$F$9:$F$38, COLUMN(R11)-10)} -> 0 | ... AN11: {=INDEX(Page2!$F$9:$F$38, COLUMN(AN11)-10)} -> #DIV/0! | AO11: =AVERAGE(K11:AN11) -> #DIV/0! | AP11: =STDEV(K11:AN11) -> #DIV/0! | AQ11: =(AO11-H11)/(3*AP11) -> #DIV/0! | AR11: =MIN(K11:AN11) -> #DIV/0! | AS11: =MAX(K11:AN11) -> #DIV/0! | AT11: =IF(AQ11>=1.33,"Pass","Fail") -> #DIV/0!
A12: 10 | B12: Force~Tensile Strength-CD~peak | C12: As per RMS | D12: N | E12: 1 | F12: 0.01 | G12: 9.63 | H12: 6.13 | J12: 1.33 | K12: {=INDEX(Page2!$G$9:$G$38, COLUMN(K12)-10)} -> 0 | L12: {=INDEX(Page2!$G$9:$G$38, COLUMN(L12)-10)} -> 0 | M12: {=INDEX(Page2!$G$9:$G$38, COLUMN(M12)-10)} -> 0 | N12: {=INDEX(Page2!$G$9:$G$38, COLUMN(N12)-10)} -> 0 | O12: {=INDEX(Page2!$G$9:$G$38, COLUMN(O12)-10)} -> 0 | P12: {=INDEX(Page2!$G$9:$G$38, COLUMN(P12)-10)} -> 0 | Q12: {=INDEX(Page2!$G$9:$G$38, COLUMN(Q12)-10)} -> 0 | R12: {=INDEX(Page2!$G$9:$G$38, COLUMN(R12)-10)} -> 0 | ... AN12: {=INDEX(Page2!$G$9:$G$38, COLUMN(AN12)-10)} -> #DIV/0! | AO12: =AVERAGE(K12:AN12) -> #DIV/0! | AP12: =STDEV(K12:AN12) -> #DIV/0! | AQ12: =(AO12-H12)/(3*AP12) -> #DIV/0! | AR12: =MIN(K12:AN12) -> #DIV/0! | AS12: =MAX(K12:AN12) -> #DIV/0! | AT12: =IF(AQ12>=1.33,"Pass","Fail") -> #DIV/0!
A13: 11 | B13: Colour L | C13: As per RMS | D13: Color units - L | E13: 1 | F13: 0.1 | G13: 95.5 | H13: 91.5 | I13: 99.5 | J13: OBS 0 | K13: {=INDEX(Page2!$H$9:$H$38, COLUMN(K13)-10)} -> 0 | L13: {=INDEX(Page2!$H$9:$H$38, COLUMN(L13)-10)} -> 0 | M13: {=INDEX(Page2!$H$9:$H$38, COLUMN(M13)-10)} -> 0 | N13: {=INDEX(Page2!$H$9:$H$38, COLUMN(N13)-10)} -> 0 | O13: {=INDEX(Page2!$H$9:$H$38, COLUMN(O13)-10)} -> 0 | P13: {=INDEX(Page2!$H$9:$H$38, COLUMN(P13)-10)} -> 0 | Q13: {=INDEX(Page2!$H$9:$H$38, COLUMN(Q13)-10)} -> 0 | R13: {=INDEX(Page2!$H$9:$H$38, COLUMN(R13)-10)} -> 0 | ... AN13: {=INDEX(Page2!$H$9:$H$38, COLUMN(AN13)-10)} -> #DIV/0! | AO13: =AVERAGE(K13:AN13) -> #DIV/0! | AP13: =STDEV(K13:AN13) -> #DIV/0! | AQ13: =MIN((AO13-H13)/(3*AP13), (I13-AO13)/(3*AP13)) -> #DIV/0! | AR13: =MIN(K13:AN13) -> #DIV/0! | AS13: =MAX(K13:AN13) -> #DIV/0! | AT13: =IF(AQ13>=1.33,"Pass","Fail") -> #DIV/0!
A14: 12 | B14: Colour a | C14: As per RMS | D14: Color units - A | E14: 1 | F14: 0.1 | G14: -0.4 | H14: -4.4 | I14: 3.6 | J14: OBS 0 | K14: {=INDEX(Page2!$I$9:$I$38, COLUMN(K14)-10)} -> 0 | L14: {=INDEX(Page2!$I$9:$I$38, COLUMN(L14)-10)} -> 0 | M14: {=INDEX(Page2!$I$9:$I$38, COLUMN(M14)-10)} -> 0 | N14: {=INDEX(Page2!$I$9:$I$38, COLUMN(N14)-10)} -> 0 | O14: {=INDEX(Page2!$I$9:$I$38, COLUMN(O14)-10)} -> 0 | P14: {=INDEX(Page2!$I$9:$I$38, COLUMN(P14)-10)} -> 0 | Q14: {=INDEX(Page2!$I$9:$I$38, COLUMN(Q14)-10)} -> 0 | R14: {=INDEX(Page2!$I$9:$I$38, COLUMN(R14)-10)} -> 0 | ... AN14: {=INDEX(Page2!$I$9:$I$38, COLUMN(AN14)-10)} -> #DIV/0! | AO14: =AVERAGE(K14:AN14) -> #DIV/0! | AP14: =STDEV(K14:AN14) -> #DIV/0! | AQ14: =MIN((AO14-H14)/(3*AP14), (I14-AO14)/(3*AP14)) -> #DIV/0! | AR14: =MIN(K14:AN14) -> #DIV/0! | AS14: =MAX(K14:AN14) -> #DIV/0! | AT14: =IF(AQ14>=1.33,"Pass","Fail") -> #DIV/0!
A15: 13 | B15: Colour b | C15: As per RMS | D15: Color units - B | E15: 1 | F15: 0.1 | G15: -0.5 | H15: -4.5 | I15: 3.5 | J15: OBS 0 | K15: {=INDEX(Page2!$J$9:$J$38, COLUMN(K15)-10)} -> 0 | L15: {=INDEX(Page2!$J$9:$J$38, COLUMN(L15)-10)} -> 0 | M15: {=INDEX(Page2!$J$9:$J$38, COLUMN(M15)-10)} -> 0 | N15: {=INDEX(Page2!$J$9:$J$38, COLUMN(N15)-10)} -> 0 | O15: {=INDEX(Page2!$J$9:$J$38, COLUMN(O15)-10)} -> 0 | P15: {=INDEX(Page2!$J$9:$J$38, COLUMN(P15)-10)} -> 0 | Q15: {=INDEX(Page2!$J$9:$J$38, COLUMN(Q15)-10)} -> 0 | R15: {=INDEX(Page2!$J$9:$J$38, COLUMN(R15)-10)} -> 0 | ... AN15: {=INDEX(Page2!$J$9:$J$38, COLUMN(AN15)-10)} -> #DIV/0! | AO15: =AVERAGE(K15:AN15) -> #DIV/0! | AP15: =STDEV(K15:AN15) -> #DIV/0! | AQ15: =MIN((AO15-H15)/(3*AP15), (I15-AO15)/(3*AP15)) -> #DIV/0! | AR15: =MIN(K15:AN15) -> #DIV/0! | AS15: =MAX(K15:AN15) -> #DIV/0! | AT15: =IF(AQ15>=1.33,"Pass","Fail") -> #DIV/0!
A16: 14 | B16: Delta E | C16: As per RMS | D16: Color units - Delta E | E16: 1 | F16: 0.01 | G16: 0.00 | I16: 5.00 | J16: OBS 0 | K16: {=INDEX(Page2!$K$9:$K$38, COLUMN(K16)-10)} -> 0 | L16: {=INDEX(Page2!$K$9:$K$38, COLUMN(L16)-10)} -> 0 | M16: {=INDEX(Page2!$K$9:$K$38, COLUMN(M16)-10)} -> 0 | N16: {=INDEX(Page2!$K$9:$K$38, COLUMN(N16)-10)} -> 0 | O16: {=INDEX(Page2!$K$9:$K$38, COLUMN(O16)-10)} -> 0 | P16: {=INDEX(Page2!$K$9:$K$38, COLUMN(P16)-10)} -> 0 | Q16: {=INDEX(Page2!$K$9:$K$38, COLUMN(Q16)-10)} -> 0 | R16: {=INDEX(Page2!$K$9:$K$38, COLUMN(R16)-10)} -> 0 | ... AN16: {=INDEX(Page2!$K$9:$K$38, COLUMN(AN16)-10)} -> #DIV/0! | AO16: =AVERAGE(K16:AN16) -> #DIV/0! | AP16: =STDEV(K16:AN16) -> #DIV/0! | AQ16: =(I16-AO16)/(3*AP16) -> #DIV/0! | AR16: =MIN(K16:AN16) -> #DIV/0! | AS16: =MAX(K16:AN16) -> #DIV/0! | AT16: =IF(AQ16>=1.33,"Pass","Fail") -> #DIV/0!
